react,fragC,fragO,product,C0O1_num
COc1ccc2ccccc2c1,*c1ccc2ccccc2c1,*OC,c3ccc(c2ccc1ccccc1c2)cc3,c1([O:1][CH3:12])[cH:3][cH:4][c:5]2[cH:6][cH:7][cH:8][cH:9][c:10]2[cH:11]1
COc1ccc2cc([Si](C)(C)C)ccc2c1,*c1ccc2cc([Si](C)(C)C)ccc2c1,*OC,C[Si](C)(C)c3ccc2cc(c1ccccc1)ccc2c3,c1([O:1][CH3:16])[cH:3][cH:4][c:5]2[cH:6][c:7]([Si:8]([CH3:9])([CH3:10])[CH3:11])[cH:12][cH:13][c:14]2[cH:15]1
COc1ccc2cc(N3CCCCC3)ccc2c1,*c1ccc2cc(N3CCCCC3)ccc2c1,*OC,c4ccc(c3ccc2cc(N1CCCCC1)ccc2c3)cc4,c1([O:1][CH3:18])[cH:3][cH:4][c:5]2[cH:6][c:7]([N:8]3[CH2:9][CH2:10][CH2:11][CH2:12][CH2:13]3)[cH:14][cH:15][c:16]2[cH:17]1
COc1ccc2ccc(O)cc2c1,*c1ccc2ccc(O)cc2c1,*OC,Oc3ccc2ccc(c1ccccc1)cc2c3,c1([O:1][CH3:13])[cH:3][cH:4][c:5]2[cH:6][cH:7][c:8]([OH:9])[cH:10][c:11]2[cH:12]1
COc1cccc2ccccc12,*c1cccc2ccccc12,*OC,c3ccc(c1cccc2ccccc12)cc3,c1([O:1][CH3:12])[cH:3][cH:4][cH:5][c:6]2[cH:7][cH:8][cH:9][cH:10][c:11]12
COc1ccc(C)cc1,*c1ccc(C)cc1,*OC,Cc2ccc(c1ccc(N(C)C)cc1)cc2,c1([O:1][CH3:9])[cH:3][cH:4][c:5]([CH3:6])[cH:7][cH:8]1
COc1ccc([C@@H](C)N(C)C)cc1,*c1ccc([C@@H](C)N(C)C)cc1,*OC,Cc1ccccc1c2ccc([C@@H](C)N(C)C)cc2,c1([O:1][CH3:13])[cH:3][cH:4][c:5]([C@@H:6]([CH3:7])[N:8]([CH3:9])[CH3:10])[cH:11][cH:12]1
COc1ccc([C@H](C)N(C)C)cc1,*c1ccc([C@H](C)N(C)C)cc1,*OC,Cc1ccccc1c2ccc([C@H](C)N(C)C)cc2,c1([O:1][CH3:13])[cH:3][cH:4][c:5]([C@H:6]([CH3:7])[N:8]([CH3:9])[CH3:10])[cH:11][cH:12]1
COc1ccc(CO)cc1,*c1ccc(CO)cc1,*OC,Cc1ccccc1c2ccc(CO)cc2,c1([O:1][CH3:10])[cH:3][cH:4][c:5]([CH2:6][OH:7])[cH:8][cH:9]1
COc1ccc(CCO)cc1,*c1ccc(CCO)cc1,*OC,Cc1ccccc1c2ccc(CCO)cc2,c1([O:1][CH3:11])[cH:3][cH:4][c:5]([CH2:6][CH2:7][OH:8])[cH:9][cH:10]1
COc1ccc2ncccc2c1,*c1ccc2ncccc2c1,*OC,CN(C)c3ccc(c2ccc1ncccc1c2)cc3,c1([O:1][CH3:12])[cH:3][cH:4][c:5]2[n:6][cH:7][cH:8][cH:9][c:10]2[cH:11]1
COc1ccc2c(ccn2C)c1,*c1ccc2c(ccn2C)c1,*OC,Cc1ccccc1c3ccc2c(ccn2C)c3,c1([O:1][CH3:12])[cH:3][cH:4][c:5]2[c:6]([cH:7][cH:8][n:9]2[CH3:10])[cH:11]1
COc1ccc2c(c1)c1ccccc1n2C,*c1ccc2c(c1)c1ccccc1n2C,*OC,Cc1ccccc1c2ccc4c(c2)c3ccccc3n4C,c1([O:1][CH3:16])[cH:3][cH:4][c:5]2[c:6]([cH:7]1)[c:8]1[cH:9][cH:10][cH:11][cH:12][c:13]1[n:14]2[CH3:15]
CCOc1ccc2ccccc2c1,*c1ccc2ccccc2c1,*OCC,c3ccc(c2ccc1ccccc1c2)cc3,c1([O:1][CH2:13][CH3:14])[cH:4][cH:5][c:6]2[cH:7][cH:8][cH:9][cH:10][c:11]2[cH:12]1
CC(C)Oc1ccc2ccccc2c1,*c1ccc2ccccc2c1,*OC(C)C,c3ccc(c2ccc1ccccc1c2)cc3,c1([O:1][CH:14]([CH3:2])[CH3:15])[cH:5][cH:6][c:7]2[cH:8][cH:9][cH:10][cH:11][c:12]2[cH:13]1
C[Si](C)(C)Oc1ccc2ccccc2c1,*c1ccc2ccccc2c1,*O[Si](C)(C)C,c3ccc(c2ccc1ccccc1c2)cc3,c1([O:1][Si:15]([CH3:2])([CH3:3])[CH3:16])[cH:6][cH:7][c:8]2[cH:9][cH:10][cH:11][cH:12][c:13]2[cH:14]1
CC(C)(C)[Si](C)(C)Oc1ccc2ccccc2c1,*c1ccc2ccccc2c1,*O[Si](C)(C)C(C)(C)C,c3ccc(c2ccc1ccccc1c2)cc3,c1([O:1][Si:4]([CH3:5])([CH3:6])[C:18]([CH3:2])([CH3:3])[CH3:19])[cH:9][cH:10][c:11]2[cH:12][cH:13][cH:14][cH:15][c:16]2[cH:17]1
CC[Si](C)(C)Oc1ccc2ccccc2c1,*c1ccc2ccccc2c1,*O[Si](C)(C)CC,c3ccc(c2ccc1ccccc1c2)cc3,c1([O:1][Si:2]([CH3:3])([CH3:4])[CH2:16][CH3:17])[cH:7][cH:8][c:9]2[cH:10][cH:11][cH:12][cH:13][c:14]2[cH:15]1
CC(C)[Si](C)(C)Oc1ccc2ccccc2c1,*c1ccc2ccccc2c1,*O[Si](C)(C)C(C)C,c3ccc(c2ccc1ccccc1c2)cc3,c1([O:1][Si:3]([CH3:4])([CH3:5])[CH:17]([CH3:2])[CH3:18])[cH:8][cH:9][c:10]2[cH:11][cH:12][cH:13][cH:14][c:15]2[cH:16]1
C[Si](C)(Oc1ccc2ccccc2c1)c1ccccc1,*c1ccc2ccccc2c1,*O[Si](C)(C)c1ccccc1,c3ccc(c2ccc1ccccc1c2)cc3,c1([O:1][Si:20]([CH3:2])([c:14]2[cH:15][cH:16][cH:17][cH:18][cH:19]2)[CH3:21])[cH:5][cH:6][c:7]2[cH:8][cH:9][cH:10][cH:11][c:12]2[cH:13]1
CC[Si](CC)(CC)Oc1ccc2ccccc2c1,*c1ccc2ccccc2c1,*O[Si](CC)(CC)CC,c3ccc(c2ccc1ccccc1c2)cc3,c1([O:1][Si:2]([CH2:3][CH3:4])([CH2:5][CH3:6])[CH2:18][CH3:19])[cH:9][cH:10][c:11]2[cH:12][cH:13][cH:14][cH:15][c:16]2[cH:17]1
C=CC[Si](C)(C)Oc1ccc2ccccc2c1,*c1ccc2ccccc2c1,*O[Si](C)(C)CC=C,c3ccc(c2ccc1ccccc1c2)cc3,c1([O:1][Si:3]([CH2:2][CH:17]=[CH2:18])([CH3:4])[CH3:5])[cH:8][cH:9][c:10]2[cH:11][cH:12][cH:13][cH:14][c:15]2[cH:16]1
CC(C)(C)C(=O)Oc1ccc2ccccc2c1,*c1ccc2ccccc2c1,*OC(=O)C(C)(C)C,Cc3ccc(c2ccc1ccccc1c2)cc3,c1([O:1][C:4](=[O:5])[C:17]([CH3:2])([CH3:3])[CH3:18])[cH:8][cH:9][c:10]2[cH:11][cH:12][cH:13][cH:14][c:15]2[cH:16]1
CN(C)C(=O)Oc1ccc2ccccc2c1,*c1ccc2ccccc2c1,*OC(=O)N(C)C,Cc3ccc(c2ccc1ccccc1c2)cc3,c1([O:1][C:3](=[O:4])[N:16]([CH3:2])[CH3:17])[cH:7][cH:8][c:9]2[cH:10][cH:11][cH:12][cH:13][c:14]2[cH:15]1
COc1ccc2cc(C3CC3)ccc2c1,*c1ccc2cc(C3CC3)ccc2c1,*OC,Cc3ccc(c2ccc1cc(C4CC4)ccc1c2)cc3,c1([O:1][CH3:15])[cH:3][cH:4][c:5]2[cH:6][c:7]([CH:8]3[CH2:9][CH2:10]3)[cH:11][cH:12][c:13]2[cH:14]1
COCCCCc1ccc2cc(OC)ccc2c1,*OC,*c1ccc2cc(CCCCOC)ccc2c1,Cc3ccc(c2ccc1cc(CCCCOC)ccc1c2)cc3,[CH3:11][O:12][CH2:2][CH2:3][CH2:4][CH2:5][c:6]1[cH:7][cH:8][c:9]2[cH:10]c([O:1][CH3:13])[cH:14][cH:15][c:16]2[cH:17]1
COc1ccc2cc(-c3ccccc3)ccc2c1,*c1ccc2cc(-c3ccccc3)ccc2c1,*OC,Cc3ccc(c2ccc1cc(c4ccccc4)ccc1c2)cc3,c1([O:1][CH3:18])[cH:3][cH:4][c:5]2[cH:6][c:7](-[c:8]3[cH:9][cH:10][cH:11][cH:12][cH:13]3)[cH:14][cH:15][c:16]2[cH:17]1
COc1ccc2cc(O[Si](C)(C)C)ccc2c1,*OC,*c1ccc2cc(O[Si](C)(C)C)ccc2c1,Cc3ccc(c2ccc1cc(O[Si](C)(C)C)ccc1c2)cc3,c1([O:1][CH3:17])[cH:3][cH:4][c:5]2[cH:6][c:7]([O:8][Si:9]([CH3:10])([CH3:11])[CH3:12])[cH:13][cH:14][c:15]2[cH:16]1
COc1ccc2cc(N3CCCC3)ccc2c1,*c1ccc2cc(N3CCCC3)ccc2c1,*OC,Cc3ccc(c2ccc1cc(N4CCCC4)ccc1c2)cc3,c1([O:1][CH3:17])[cH:3][cH:4][c:5]2[cH:6][c:7]([N:8]3[CH2:9][CH2:10][CH2:11][CH2:12]3)[cH:13][cH:14][c:15]2[cH:16]1
COc1ccc2ccccc2c1C,*c1ccc2ccccc2c1C,*OC,Cc3ccc(c2ccc1ccccc1c2(C))cc3,c1([O:1][CH3:13])[cH:3][cH:4][c:5]2[cH:6][cH:7][cH:8][cH:9][c:10]2[c:11]1[CH3:12]
COc1ccc(-c2ccccc2)cc1,*c1ccc(-c2ccccc2)cc1,*OC,c1ccccc1c2ccc(c3ccc(C)cc3)cc2,c1([O:1][CH3:14])[cH:3][cH:4][c:5](-[c:6]2[cH:7][cH:8][cH:9][cH:10][cH:11]2)[cH:12][cH:13]1
COc1ccc(Oc2nc(OC)nc(OC)n2)cc1,*Oc1nc(OC)nc(OC)n1,*c1ccc(OC)cc1,COc2ccc(c1ccccc1)cc2,c1([O:1][c:7]2[n:8][c:9]([O:10][CH3:11])[n:12][c:13]([O:14][CH3:15])[n:16]2)[cH:4][cH:3][c:2]([O:20][CH3:19])[cH:18][cH:17]1
COc1ccc(OC(=O)N(C)C)cc1,*OC(=O)N(C)C,*c1ccc(OC)cc1,COc2ccc(c1ccccc1)cc2,c1([O:1][C:7](=[O:8])[N:9]([CH3:10])[CH3:11])[cH:4][cH:3][c:2]([O:15][CH3:14])[cH:13][cH:12]1
COc1ccc(OC(=O)C(C)(C)C)cc1,*OC(=O)C(C)(C)C,*c1ccc(OC)cc1,COc2ccc(c1ccccc1)cc2,c1([O:1][C:7](=[O:8])[C:9]([CH3:10])([CH3:11])[CH3:12])[cH:4][cH:3][c:2]([O:16][CH3:15])[cH:14][cH:13]1
COc1nc(OC)nc(Oc2ccccc2OC)n1,*Oc1nc(OC)nc(OC)n1,*c1ccccc1OC,COc1ccccc1c2ccccc2,c1([O:1][c:8]2[n:7][c:4]([O:5][CH3:6])[n:3][c:2]([O:19][CH3:20])[n:18]2)[cH:11][cH:12][cH:13][cH:14][c:15]1[O:16][CH3:17]
COc1nc(OC)nc(Oc2ccccc2)n1,*Oc1nc(OC)nc(OC)n1,*c1ccccc1,COc2ccc(c1ccccc1)cc2,c1([O:1][c:8]2[n:7][c:4]([O:5][CH3:6])[n:3][c:2]([O:17][CH3:18])[n:16]2)[cH:11][cH:12][cH:13][cH:14][cH:15]1
COc1nc(OC)nc(Oc2ccccc2C)n1,*Oc1nc(OC)nc(OC)n1,*c1ccccc1C,COc2ccc(c1ccccc1C)cc2,c1([O:1][c:8]2[n:7][c:4]([O:5][CH3:6])[n:3][c:2]([O:18][CH3:19])[n:17]2)[cH:11][cH:12][cH:13][cH:14][c:15]1[CH3:16]
COc1nc(OC)nc(Oc2ccc(C)cc2)n1,*Oc1nc(OC)nc(OC)n1,*c1ccc(C)cc1,COc2ccc(c1ccc(C)cc1)cc2,c1([O:1][c:8]2[n:7][c:4]([O:5][CH3:6])[n:3][c:2]([O:18][CH3:19])[n:17]2)[cH:11][cH:12][c:13]([CH3:14])[cH:15][cH:16]1
COc1nc(OC)nc(Oc2cccc3ccccc23)n1,*Oc1nc(OC)nc(OC)n1,*c1cccc2ccccc12,COc3ccc(c1cccc2ccccc12)cc3,c1([O:1][c:8]2[n:7][c:4]([O:5][CH3:6])[n:3][c:2]([O:21][CH3:22])[n:20]2)[cH:11][cH:12][cH:13][c:14]2[cH:15][cH:16][cH:17][cH:18][c:19]12
COc1nc(OC)nc(Oc2cccc(C)c2)n1,*Oc1nc(OC)nc(OC)n1,*c1cccc(C)c1,COc2ccc(c1cccc(C)c1)cc2,c1([O:1][c:8]2[n:7][c:4]([O:5][CH3:6])[n:3][c:2]([O:18][CH3:19])[n:17]2)[cH:11][cH:12][cH:13][c:14]([CH3:15])[cH:16]1
COc1nc(OC)nc(Oc2ccc3ccccc3c2)n1,*Oc1nc(OC)nc(OC)n1,*c1ccc2ccccc2c1,COc3ccc(c2ccc1ccccc1c2)cc3,c1([O:1][c:8]2[n:7][c:4]([O:5][CH3:6])[n:3][c:2]([O:21][CH3:22])[n:20]2)[cH:11][cH:12][c:13]2[cH:14][cH:15][cH:16][cH:17][c:18]2[cH:19]1
COc1nc(OC)nc(Oc2cc(C)cc(C)c2)n1,*Oc1nc(OC)nc(OC)n1,*c1cc(C)cc(C)c1,COc2ccc(c1cc(C)cc(C)c1)cc2,c1([O:1][c:8]2[n:7][c:4]([O:5][CH3:6])[n:3][c:2]([O:19][CH3:20])[n:18]2)[cH:11][c:12]([CH3:13])[cH:14][c:15]([CH3:16])[cH:17]1
COc1nc(OC)nc(Oc2ccc(C(C)(C)C)cc2)n1,*Oc1nc(OC)nc(OC)n1,*c1ccc(C(C)(C)C)cc1,COc2ccc(c1ccc(C(C)(C)C)cc1)cc2,c1([O:1][c:8]2[n:7][c:4]([O:5][CH3:6])[n:3][c:2]([O:21][CH3:22])[n:20]2)[cH:11][cH:12][c:13]([C:14]([CH3:15])([CH3:16])[CH3:17])[cH:18][cH:19]1
COc1nc(OC)nc(Oc2cccc(NC(C)=O)c2)n1,*Oc1nc(OC)nc(OC)n1,*c1cccc(NC(C)=O)c1,COc2ccc(c1cccc(NC(C)=O)c1)cc2,c1([O:1][c:8]2[n:7][c:4]([O:5][CH3:6])[n:3][c:2]([O:21][CH3:22])[n:20]2)[cH:11][cH:12][cH:13][c:14]([NH:15][C:16]([CH3:17])=[O:18])[cH:19]1
COC(=O)c1ccc(Oc2nc(OC)nc(OC)n2)cc1,*Oc1nc(OC)nc(OC)n1,*c1ccc(C(=O)OC)cc1,COC(=O)c2ccc(c1ccccc1)cc2,c1([O:1][c:9]2[n:10][c:11]([O:12][CH3:13])[n:14][c:15]([O:16][CH3:17])[n:18]2)[cH:6][cH:5][c:4]([C:2](=[O:3])[O:22][CH3:21])[cH:20][cH:19]1
COc1nc(OC)nc(Oc2ccc(C#N)cc2)n1,*Oc1nc(OC)nc(OC)n1,*c1ccc(C#N)cc1,N#Cc2ccc(c1ccccc1)cc2,c1([O:1][c:8]2[n:7][c:4]([O:5][CH3:6])[n:3][c:2]([O:19][CH3:20])[n:18]2)[cH:11][cH:12][c:13]([C:14]#[N:15])[cH:16][cH:17]1
COc1nc(OC)nc(Oc2ccc(C=O)cc2)n1,*Oc1nc(OC)nc(OC)n1,*c1ccc(C=O)cc1,O=Cc2ccc(c1ccccc1)cc2,c1([O:1][c:8]2[n:7][c:4]([O:5][CH3:6])[n:3][c:2]([O:19][CH3:20])[n:18]2)[cH:11][cH:12][c:13]([CH:14]=[O:15])[cH:16][cH:17]1
COc1nc(OC)nc(Oc2ccc(C(C)=O)cc2)n1,*Oc1nc(OC)nc(OC)n1,*c1ccc(C(C)=O)cc1,CC(=O)c2ccc(c1ccccc1)cc2,c1([O:1][c:8]2[n:7][c:4]([O:5][CH3:6])[n:3][c:2]([O:20][CH3:21])[n:19]2)[cH:11][cH:12][c:13]([C:14]([CH3:15])=[O:16])[cH:17][cH:18]1
COc1nc(OC)nc(Oc2ccc([N+](=O)[O-])cc2)n1,*Oc1nc(OC)nc(OC)n1,*c1ccc([N+](=O)[O-])cc1,O=[N+]([O-])c2ccc(c1ccccc1)cc2,c1([O:1][c:8]2[n:7][c:4]([O:5][CH3:6])[n:3][c:2]([O:20][CH3:21])[n:19]2)[cH:11][cH:12][c:13]([N+:14](=[O:15])[O-:16])[cH:17][cH:18]1
COc1nc(OC)nc(Oc2ccc(F)cc2)n1,*Oc1nc(OC)nc(OC)n1,*c1ccc(F)cc1,COc2ccc(c1ccc(F)cc1)cc2,c1([O:1][c:8]2[n:7][c:4]([O:5][CH3:6])[n:3][c:2]([O:18][CH3:19])[n:17]2)[cH:11][cH:12][c:13]([F:14])[cH:15][cH:16]1
COc1nc(OC)nc(Oc2ccc(C(F)(F)F)cc2)n1,*Oc1nc(OC)nc(OC)n1,*c1ccc(C(F)(F)F)cc1,COc2ccc(c1ccc(C(F)(F)F)cc1)cc2,c1([O:1][c:8]2[n:7][c:4]([O:5][CH3:6])[n:3][c:2]([O:21][CH3:22])[n:20]2)[cH:11][cH:12][c:13]([C:14]([F:15])([F:16])[F:17])[cH:18][cH:19]1
COc1nc(OC)nc(Oc2ccc(C=O)cc2C)n1,*Oc1nc(OC)nc(OC)n1,*c1ccc(C=O)cc1C,Cc1cc(C=O)ccc1c2ccccc2,c1([O:1][c:8]2[n:7][c:4]([O:5][CH3:6])[n:3][c:2]([O:20][CH3:21])[n:19]2)[cH:11][cH:12][c:13]([CH:14]=[O:15])[cH:16][c:17]1[CH3:18]
COc1nc(OC)nc(Oc2cccnc2)n1,*Oc1nc(OC)nc(OC)n1,*c1cccnc1,c2ccc(c1cccnc1)cc2,c1([O:1][c:8]2[n:7][c:4]([O:5][CH3:6])[n:3][c:2]([O:17][CH3:18])[n:16]2)[cH:11][cH:12][cH:13][n:14][cH:15]1
COc1nc(OC)nc(Oc2ccc3c(C)cc(=O)oc3c2)n1,*Oc1nc(OC)nc(OC)n1,*c1ccc2c(C)cc(=O)oc2c1,Cc2cc(=O)oc3cc(c1ccccc1)ccc23,c1([O:1][c:8]2[n:7][c:4]([O:5][CH3:6])[n:3][c:2]([O:23][CH3:24])[n:22]2)[cH:11][cH:12][c:13]2[c:14]([CH3:15])[cH:16][c:17](=[O:18])[o:19][c:20]2[cH:21]1
COc1nc(OC)nc(Oc2ccc3c(c2)CCC2C3CC[C@]3(C)C(=O)CCC23)n1,*Oc1nc(OC)nc(OC)n1,*c1ccc2c(c1)CCC1C2CC[C@]2(C)C(=O)CCC12,C[C@]45CCC3c2ccc(c1ccccc1)cc2CCC3C4CCC5=O,c1([O:1][c:8]2[n:7][c:4]([O:5][CH3:6])[n:3][c:2]([O:30][CH3:31])[n:29]2)[cH:11][cH:12][c:13]2[c:14]([cH:15]1)[CH2:16][CH2:17][CH:18]1[CH:19]2[CH2:20][CH2:21][C@:22]2([CH3:23])[C:24](=[O:25])[CH2:26][CH2:27][CH:28]12
COc1ccc2cc(-c3ccccn3)ccc2c1,*c1ccc2cc(-c3ccccn3)ccc2c1,*OC,Cn5c(c3ccc2cc(c1ccccn1)ccc2c3)nc4ccccc45,c1([O:1][CH3:18])[cH:3][cH:4][c:5]2[cH:6][c:7](-[c:8]3[cH:9][cH:10][cH:11][cH:12][n:13]3)[cH:14][cH:15][c:16]2[cH:17]1
COc1ccc2cc(N(c3ccccc3)c3ccccc3)ccc2c1,*c1ccc2cc(N(c3ccccc3)c3ccccc3)ccc2c1,*OC,Cn6c(c4ccc3cc(N(c1ccccc1)c2ccccc2)ccc3c4)nc5ccccc56,c1([O:1][CH3:25])[cH:3][cH:4][c:5]2[cH:6][c:7]([N:8]([c:9]3[cH:10][cH:11][cH:12][cH:13][cH:14]3)[c:15]3[cH:16][cH:17][cH:18][cH:19][cH:20]3)[cH:21][cH:22][c:23]2[cH:24]1
COc1ccc2cc(-c3ccccc3C)ccc2c1,*c1ccc2cc(-c3ccccc3C)ccc2c1,*OC,Cc1ccccc1c5ccc4cc(c3nc2ccccc2n3C)ccc4c5,c1([O:1][CH3:19])[cH:3][cH:4][c:5]2[cH:6][c:7](-[c:8]3[cH:9][cH:10][cH:11][cH:12][c:13]3[CH3:14])[cH:15][cH:16][c:17]2[cH:18]1
COc1ccc2cc(-c3cccc(C)c3)ccc2c1,*c1ccc2cc(-c3cccc(C)c3)ccc2c1,*OC,Cc5cccc(c4ccc3cc(c2nc1ccccc1n2C)ccc3c4)c5,c1([O:1][CH3:19])[cH:3][cH:4][c:5]2[cH:6][c:7](-[c:8]3[cH:9][cH:10][cH:11][c:12]([CH3:13])[cH:14]3)[cH:15][cH:16][c:17]2[cH:18]1
COc1ccc2cc(-c3ccc(C)cc3)ccc2c1,*c1ccc2cc(-c3ccc(C)cc3)ccc2c1,*OC,Cc5ccc(c4ccc3cc(c2nc1ccccc1n2C)ccc3c4)cc5,c1([O:1][CH3:19])[cH:3][cH:4][c:5]2[cH:6][c:7](-[c:8]3[cH:9][cH:10][c:11]([CH3:12])[cH:13][cH:14]3)[cH:15][cH:16][c:17]2[cH:18]1
COc1ccc2cc(-c3ccc(C(C)(C)C)cc3)ccc2c1,*c1ccc2cc(-c3ccc(C(C)(C)C)cc3)ccc2c1,*OC,Cn5c(c3ccc2cc(c1ccc(C(C)(C)C)cc1)ccc2c3)nc4ccccc45,c1([O:1][CH3:22])[cH:3][cH:4][c:5]2[cH:6][c:7](-[c:8]3[cH:9][cH:10][c:11]([C:12]([CH3:13])([CH3:14])[CH3:15])[cH:16][cH:17]3)[cH:18][cH:19][c:20]2[cH:21]1
COc1ccc2cc(-c3ccccc3-c3cc(C)cc(C)c3)ccc2c1,*c1ccc2cc(-c3ccccc3-c3cc(C)cc(C)c3)ccc2c1,*OC,Cc6cc(C)cc(c1ccccc1c5ccc4cc(c3nc2ccccc2n3C)ccc4c5)c6,c1([O:1][CH3:26])[cH:3][cH:4][c:5]2[cH:6][c:7](-[c:8]3[cH:9][cH:10][cH:11][cH:12][c:13]3-[c:14]3[cH:15][c:16]([CH3:17])[cH:18][c:19]([CH3:20])[cH:21]3)[cH:22][cH:23][c:24]2[cH:25]1
COc1ccc2cc(-n3c4ccccc4c4ccccc43)ccc2c1,*c1ccc2cc(-n3c4ccccc4c4ccccc43)ccc2c1,*OC,Cn7c(c5ccc4cc(n3c1ccccc1c2ccccc23)ccc4c5)nc6ccccc67,c1([O:1][CH3:25])[cH:3][cH:4][c:5]2[cH:6][c:7](-[n:8]3[c:9]4[cH:10][cH:11][cH:12][cH:13][c:14]4[c:15]4[cH:16][cH:17][cH:18][cH:19][c:20]34)[cH:21][cH:22][c:23]2[cH:24]1
COc1ccc2cc(-c3cc4ccc5cccc6ccc(c3)c4c56)ccc2c1,*c1ccc2cc(-c3cc4ccc5cccc6ccc(c3)c4c56)ccc2c1,*OC,Cn8c(c6ccc5cc(c1cc2CCc3cccc4ccc(c1)c2c34)ccc5c6)nc7ccccc78,c1([O:1][CH3:28])[cH:3][cH:4][c:5]2[cH:6][c:7](-[c:8]3[cH:9][c:10]4[cH:11][cH:12][c:13]5[cH:14][cH:15][cH:16][c:17]6[cH:18][cH:19][c:20]([cH:21]3)[c:22]4[c:23]56)[cH:24][cH:25][c:26]2[cH:27]1
COc1ccc2cc(/C=C/c3ccccc3)ccc2c1,*c1ccc2cc(/C=C/c3ccccc3)ccc2c1,*OC,Cn5c(c3ccc2cc(/C=C/c1ccccc1)ccc2c3)nc4ccccc45,c1([O:1][CH3:20])[cH:3][cH:4][c:5]2[cH:6][c:7](/[CH:8]=[CH:9]/[c:10]3[cH:11][cH:12][cH:13][cH:14][cH:15]3)[cH:16][cH:17][c:18]2[cH:19]1
COc1ccc2ccc(OC(C)C)cc2c1,*OC,*c1ccc2ccc(OC(C)C)cc2c1,CC(C)Oc4ccc3ccc(c2nc1ccccc1n2C)cc3c4,c1([O:1][CH3:16])[cH:3][cH:4][c:5]2[cH:6][cH:7][c:8]([O:9][CH:10]([CH3:11])[CH3:12])[cH:13][c:14]2[cH:15]1
COc1ccc2ccc(N(c3ccccc3)c3ccccc3)cc2c1,*c1ccc2ccc(N(c3ccccc3)c3ccccc3)cc2c1,*OC,Cn6c(c4ccc3ccc(N(c1ccccc1)c2ccccc2)cc3c4)nc5ccccc56,c1([O:1][CH3:25])[cH:3][cH:4][c:5]2[cH:6][cH:7][c:8]([N:9]([c:10]3[cH:11][cH:12][cH:13][cH:14][cH:15]3)[c:16]3[cH:17][cH:18][cH:19][cH:20][cH:21]3)[cH:22][c:23]2[cH:24]1
COc1ccc2ccc(-c3ccccc3)cc2c1,*c1ccc2ccc(-c3ccccc3)cc2c1,*OC,Cn5c(c3ccc2ccc(c1ccccc1)cc2c3)nc4ccccc45,c1([O:1][CH3:18])[cH:3][cH:4][c:5]2[cH:6][cH:7][c:8](-[c:9]3[cH:10][cH:11][cH:12][cH:13][cH:14]3)[cH:15][c:16]2[cH:17]1
COc1ccc2ccc(-c3ccc(C)cc3)cc2c1,*c1ccc2ccc(-c3ccc(C)cc3)cc2c1,*OC,Cc5ccc(c4ccc3ccc(c2nc1ccccc1n2C)cc3c4)cc5,c1([O:1][CH3:19])[cH:3][cH:4][c:5]2[cH:6][cH:7][c:8](-[c:9]3[cH:10][cH:11][c:12]([CH3:13])[cH:14][cH:15]3)[cH:16][c:17]2[cH:18]1
COc1ccc2ccc(-c3ccc(C(C)(C)C)cc3)cc2c1,*c1ccc2ccc(-c3ccc(C(C)(C)C)cc3)cc2c1,*OC,Cn5c(c3ccc2ccc(c1ccc(C(C)(C)C)cc1)cc2c3)nc4ccccc45,c1([O:1][CH3:22])[cH:3][cH:4][c:5]2[cH:6][cH:7][c:8](-[c:9]3[cH:10][cH:11][c:12]([C:13]([CH3:14])([CH3:15])[CH3:16])[cH:17][cH:18]3)[cH:19][c:20]2[cH:21]1
COc1ccc2ccccc2c1-c1ccccc1,*c1ccc2ccccc2c1-c1ccccc1,*OC,Cn5c(c2ccc1ccccc1c2c3ccccc3)nc4ccccc45,c1([O:1][CH3:18])[cH:3][cH:4][c:5]2[cH:6][cH:7][cH:8][cH:9][c:10]2[c:11]1-[c:12]1[cH:13][cH:14][cH:15][cH:16][cH:17]1
COc1ccccc1,*c1ccccc1,*OC,Cn3c(c1ccccc1)nc2ccccc23,c1([O:1][CH3:8])[cH:3][cH:4][cH:5][cH:6][cH:7]1
COc1ccccc1C,*c1ccccc1C,*OC,Cc1ccccc1c3nc2ccccc2n3C,c1([O:1][CH3:9])[cH:3][cH:4][cH:5][cH:6][c:7]1[CH3:8]
COc1cccc(C)c1,*c1cccc(C)c1,*OC,Cc3cccc(c2nc1ccccc1n2C)c3,c1([O:1][CH3:9])[cH:3][cH:4][cH:5][c:6]([CH3:7])[cH:8]1
COc1cc(C)cc(C)c1,*c1cc(C)cc(C)c1,*OC,Cc3cc(C)cc(c2nc1ccccc1n2C)c3,c1([O:1][CH3:10])[cH:3][c:4]([CH3:5])[cH:6][c:7]([CH3:8])[cH:9]1
CCc1ccc(OC)cc1,*OC,*c1ccc(CC)cc1,CCc3ccc(c2nc1ccccc1n2C)cc3,c1([O:1][CH3:7])[cH:4][cH:3][c:2]([CH2:11][CH3:10])[cH:9][cH:8]1
COc1ccc(C(C)(C)C)cc1,*c1ccc(C(C)(C)C)cc1,*OC,Cn3c(c1ccc(C(C)(C)C)cc1)nc2ccccc23,c1([O:1][CH3:12])[cH:3][cH:4][c:5]([C:6]([CH3:7])([CH3:8])[CH3:9])[cH:10][cH:11]1
COc1cccc(-c2ccccc2)c1,*c1cccc(-c2ccccc2)c1,*OC,Cn4c(c2cccc(c1ccccc1)c2)nc3ccccc34,c1([O:1][CH3:14])[cH:3][cH:4][cH:5][c:6](-[c:7]2[cH:8][cH:9][cH:10][cH:11][cH:12]2)[cH:13]1
COc1cccc(-c2ccc(C)cc2)c1,*c1cccc(-c2ccc(C)cc2)c1,*OC,Cc4ccc(c3cccc(c2nc1ccccc1n2C)c3)cc4,c1([O:1][CH3:15])[cH:3][cH:4][cH:5][c:6](-[c:7]2[cH:8][cH:9][c:10]([CH3:11])[cH:12][cH:13]2)[cH:14]1
COc1cccc(-c2ccc(C(C)(C)C)cc2)c1,*c1cccc(-c2ccc(C(C)(C)C)cc2)c1,*OC,Cn4c(c2cccc(c1ccc(C(C)(C)C)cc1)c2)nc3ccccc34,c1([O:1][CH3:18])[cH:3][cH:4][cH:5][c:6](-[c:7]2[cH:8][cH:9][c:10]([C:11]([CH3:12])([CH3:13])[CH3:14])[cH:15][cH:16]2)[cH:17]1
COc1cccc(N(c2ccccc2)c2ccccc2)c1,*c1cccc(N(c2ccccc2)c2ccccc2)c1,*OC,Cn5c(c3cccc(N(c1ccccc1)c2ccccc2)c3)nc4ccccc45,c1([O:1][CH3:21])[cH:3][cH:4][cH:5][c:6]([N:7]([c:8]2[cH:9][cH:10][cH:11][cH:12][cH:13]2)[c:14]2[cH:15][cH:16][cH:17][cH:18][cH:19]2)[cH:20]1
COc1ccc(N(c2ccccc2)c2ccccc2)cc1,*c1ccc(N(c2ccccc2)c2ccccc2)cc1,*OC,Cn5c(c3ccc(N(c1ccccc1)c2ccccc2)cc3)nc4ccccc45,c1([O:1][CH3:21])[cH:3][cH:4][c:5]([N:6]([c:7]2[cH:8][cH:9][cH:10][cH:11][cH:12]2)[c:13]2[cH:14][cH:15][cH:16][cH:17][cH:18]2)[cH:19][cH:20]1
COc1cccc(N(C)C)c1,*c1cccc(N(C)C)c1,*OC,CN(C)c3cccc(c2nc1ccccc1n2C)c3,c1([O:1][CH3:11])[cH:3][cH:4][cH:5][c:6]([N:7]([CH3:8])[CH3:9])[cH:10]1
COc1ccc(N(C)C)cc1,*c1ccc(N(C)C)cc1,*OC,CN(C)c3ccc(c2nc1ccccc1n2C)cc3,c1([O:1][CH3:11])[cH:3][cH:4][c:5]([N:6]([CH3:7])[CH3:8])[cH:9][cH:10]1
COc1ccc(/C=C/c2ccccc2)cc1,*c1ccc(/C=C/c2ccccc2)cc1,*OC,Cn4c(c2ccc(/C=C/c1ccccc1)cc2)nc3ccccc34,c1([O:1][CH3:16])[cH:3][cH:4][c:5](/[CH:6]=[CH:7]/[c:8]2[cH:9][cH:10][cH:11][cH:12][cH:13]2)[cH:14][cH:15]1
COc1ccc(-n2cccc2)cc1,*c1ccc(-n2cccc2)cc1,*OC,Cn4c(c2ccc(n1cccc1)cc2)nc3ccccc34,c1([O:1][CH3:13])[cH:3][cH:4][c:5](-[n:6]2[cH:7][cH:8][cH:9][cH:10]2)[cH:11][cH:12]1
COc1ccc(-n2c3ccccc3c3ccccc32)cc1,*c1ccc(-n2c3ccccc3c3ccccc32)cc1,*OC,Cn6c(c4ccc(n3c1ccccc1c2ccccc23)cc4)nc5ccccc56,c1([O:1][CH3:21])[cH:3][cH:4][c:5](-[n:6]2[c:7]3[cH:8][cH:9][cH:10][cH:11][c:12]3[c:13]3[cH:14][cH:15][cH:16][cH:17][c:18]23)[cH:19][cH:20]1
COc1ccc2c(c1)CCC1C2CC[C@@]2(C)C1CC[C@@H]2OC,*c1ccc2c(c1)CCC1C2CC[C@@]2(C)C1CC[C@@H]2OC,*OC,CO[C@H]5CCC6C4CCc3cc(c2nc1ccccc1n2C)ccc3C4CC[C@]56C,c1([O:1][CH3:22])[cH:3][cH:4][c:5]2[c:6]([cH:7]1)[CH2:8][CH2:9][CH:10]1[CH:11]2[CH2:12][CH2:13][C@@:14]2([CH3:15])[CH:16]1[CH2:17][CH2:18][C@@H:19]2[O:20][CH3:21]
COc1ccc2cc(Br)ccc2c1,*c1ccc2cc(Br)ccc2c1,*OC,Cn4c(c2ccc1cc(Br)ccc1c2)nc3ccccc34,c1([O:1][CH3:13])[cH:3][cH:4][c:5]2[cH:6][c:7]([Br:8])[cH:9][cH:10][c:11]2[cH:12]1
COc1ccc2cc(F)ccc2c1,*c1ccc2cc(F)ccc2c1,*OC,Cn4c(c2ccc1cc(F)ccc1c2)nc3ccccc34,c1([O:1][CH3:13])[cH:3][cH:4][c:5]2[cH:6][c:7]([F:8])[cH:9][cH:10][c:11]2[cH:12]1
COc1ccc2cc(C(F)(F)F)ccc2c1,*c1ccc2cc(C(F)(F)F)ccc2c1,*OC,Cn4c(c2ccc1cc(C(F)(F)F)ccc1c2)nc3ccccc34,c1([O:1][CH3:16])[cH:3][cH:4][c:5]2[cH:6][c:7]([C:8]([F:9])([F:10])[F:11])[cH:12][cH:13][c:14]2[cH:15]1
COc1ccc2cc(C#N)ccc2c1,*c1ccc2cc(C#N)ccc2c1,*OC,Cn4c(c2ccc1cc(C#N)ccc1c2)nc3ccccc34,c1([O:1][CH3:14])[cH:3][cH:4][c:5]2[cH:6][c:7]([C:8]#[N:9])[cH:10][cH:11][c:12]2[cH:13]1
COc1ccc2cc(C(C)=O)ccc2c1,*c1ccc2cc(C(C)=O)ccc2c1,*OC,CC(=O)c4ccc3cc(c2nc1ccccc1n2C)ccc3c4,c1([O:1][CH3:15])[cH:3][cH:4][c:5]2[cH:6][c:7]([C:8]([CH3:9])=[O:10])[cH:11][cH:12][c:13]2[cH:14]1
COc1ccc2cc(Oc3ccccc3)ccc2c1,*OC,*c1ccc2cc(Oc3ccccc3)ccc2c1,Cn5c(c3ccc2cc(Oc1ccccc1)ccc2c3)nc4ccccc45,c1([O:1][CH3:19])[cH:3][cH:4][c:5]2[cH:6][c:7]([O:8][c:9]3[cH:10][cH:11][cH:12][cH:13][cH:14]3)[cH:15][cH:16][c:17]2[cH:18]1
COc1ccc(Br)cc1,*c1ccc(Br)cc1,*OC,Cn3c(c1ccc(Br)cc1)nc2ccccc23,c1([O:1][CH3:9])[cH:3][cH:4][c:5]([Br:6])[cH:7][cH:8]1
COc1ccc(I)cc1,*c1ccc(I)cc1,*OC,Cn3c(c1ccc(I)cc1)nc2ccccc23,c1([O:1][CH3:9])[cH:3][cH:4][c:5]([I:6])[cH:7][cH:8]1
COc1ccc(C(F)(F)F)cc1,*c1ccc(C(F)(F)F)cc1,*OC,Cn3c(c1ccc(C(F)(F)F)cc1)nc2ccccc23,c1([O:1][CH3:12])[cH:3][cH:4][c:5]([C:6]([F:7])([F:8])[F:9])[cH:10][cH:11]1
COc1ccc(C#N)cc1,*c1ccc(C#N)cc1,*OC,Cn3c(c1ccc(C#N)cc1)nc2ccccc23,c1([O:1][CH3:10])[cH:3][cH:4][c:5]([C:6]#[N:7])[cH:8][cH:9]1
COc1ccc([N+](=O)[O-])cc1,*c1ccc([N+](=O)[O-])cc1,*OC,Cn3c(c1ccc([N+](=O)[O-])cc1)nc2ccccc23,c1([O:1][CH3:11])[cH:3][cH:4][c:5]([N+:6](=[O:7])[O-:8])[cH:9][cH:10]1
COc1ccc(C(Cl)c2ccccc2)cc1,*c1ccc(C(Cl)c2ccccc2)cc1,*OC,Cn4c(c2ccc(C(Cl)c1ccccc1)cc2)nc3ccccc34,c1([O:1][CH3:16])[cH:3][cH:4][c:5]([CH:6]([Cl:7])[c:8]2[cH:9][cH:10][cH:11][cH:12][cH:13]2)[cH:14][cH:15]1
COc1cccc(C(F)(F)F)c1,*c1cccc(C(F)(F)F)c1,*OC,Cn3c(c1cccc(C(F)(F)F)c1)nc2ccccc23,c1([O:1][CH3:12])[cH:3][cH:4][cH:5][c:6]([C:7]([F:8])([F:9])[F:10])[cH:11]1
COc1cccc(C#N)c1,*c1cccc(C#N)c1,*OC,Cn3c(c1cccc(C#N)c1)nc2ccccc23,c1([O:1][CH3:10])[cH:3][cH:4][cH:5][c:6]([C:7]#[N:8])[cH:9]1
COc1cccc([N+](=O)[O-])c1,*c1cccc([N+](=O)[O-])c1,*OC,Cn3c(c1cccc([N+](=O)[O-])c1)nc2ccccc23,c1([O:1][CH3:11])[cH:3][cH:4][cH:5][c:6]([N+:7](=[O:8])[O-:9])[cH:10]1
COc1cccc(C(C)=O)c1,*c1cccc(C(C)=O)c1,*OC,CC(=O)c3cccc(c2nc1ccccc1n2C)c3,c1([O:1][CH3:11])[cH:3][cH:4][cH:5][c:6]([C:7]([CH3:8])=[O:9])[cH:10]1
COC(=O)c1cccc(OC)c1,*OC,*c1cccc(C(=O)OC)c1,COC(=O)c3cccc(c2nc1ccccc1n2C)c3,[CH3:8][O:9][C:2](=[O:3])[c:4]1[cH:5][cH:6][cH:7]c([O:1][CH3:10])[cH:11]1
CC(=O)Oc1ccc2ccccc2c1,*c1ccc2ccccc2c1,*OC(C)=O,c3ccc(c2ccc1ccccc1c2)cc3,c1([O:1][C:14](=[O:2])[CH3:15])[cH:5][cH:6][c:7]2[cH:8][cH:9][cH:10][cH:11][c:12]2[cH:13]1
CCC(=O)Oc1ccc2ccccc2c1,*c1ccc2ccccc2c1,*OC(=O)CC,c3ccc(c2ccc1ccccc1c2)cc3,c1([O:1][C:2](=[O:3])[CH2:15][CH3:16])[cH:6][cH:7][c:8]2[cH:9][cH:10][cH:11][cH:12][c:13]2[cH:14]1
CC(C)C(=O)Oc1ccc2ccccc2c1,*c1ccc2ccccc2c1,*OC(=O)C(C)C,c3ccc(c2ccc1ccccc1c2)cc3,c1([O:1][C:3](=[O:4])[CH:16]([CH3:2])[CH3:17])[cH:7][cH:8][c:9]2[cH:10][cH:11][cH:12][cH:13][c:14]2[cH:15]1
O=C(Oc1ccc2ccccc2c1)C(F)(F)F,*c1ccc2ccccc2c1,*OC(=O)C(F)(F)F,c3ccc(c2ccc1ccccc1c2)cc3,c1([O:1][C:17]([C:13]([F:14])([F:15])[F:16])=[O:18])[cH:4][cH:5][c:6]2[cH:7][cH:8][cH:9][cH:10][c:11]2[cH:12]1
O=C(Oc1ccc2ccccc2c1)c1ccccc1,*c1ccc2ccccc2c1,*OC(=O)c1ccccc1,c3ccc(c2ccc1ccccc1c2)cc3,c1([O:1][C:19]([c:13]2[cH:14][cH:15][cH:16][cH:17][cH:18]2)=[O:20])[cH:4][cH:5][c:6]2[cH:7][cH:8][cH:9][cH:10][c:11]2[cH:12]1
O=C(Oc1ccc2ccccc2c1)c1ccccn1,*c1ccc2ccccc2c1,*OC(=O)c1ccccn1,c3ccc(c2ccc1ccccc1c2)cc3,c1([O:1][C:19]([c:13]2[cH:14][cH:15][cH:16][cH:17][n:18]2)=[O:20])[cH:4][cH:5][c:6]2[cH:7][cH:8][cH:9][cH:10][c:11]2[cH:12]1
Cc1cc(C)c(C(=O)Oc2ccc3ccccc3c2)c(C)c1,*c1ccc2ccccc2c1,*OC(=O)c1c(C)cc(C)cc1C,c3ccc(c2ccc1ccccc1c2)cc3,c1([O:1][C:6]([c:5]2[c:3]([CH3:4])[cH:2][c:22]([CH3:23])[cH:21][c:19]2[CH3:20])=[O:7])[cH:10][cH:11][c:12]2[cH:13][cH:14][cH:15][cH:16][c:17]2[cH:18]1
O=C(Oc1ccc2ccccc2c1)c1c(Cl)cccc1Cl,*c1ccc2ccccc2c1,*OC(=O)c1c(Cl)cccc1Cl,c3ccc(c2ccc1ccccc1c2)cc3,c1([O:1][C:21]([c:13]2[c:14]([Cl:15])[cH:16][cH:17][cH:18][c:19]2[Cl:20])=[O:22])[cH:4][cH:5][c:6]2[cH:7][cH:8][cH:9][cH:10][c:11]2[cH:12]1
CC(=O)Oc1ccc2cc(C(C)=O)ccc2c1,*c1ccc2cc(C(C)=O)ccc2c1,*OC(C)=O,CC(=O)c3ccc2cc(c1ccccc1)ccc2c3,c1([O:1][C:17](=[O:2])[CH3:18])[cH:5][cH:6][c:7]2[cH:8][c:9]([C:10]([CH3:11])=[O:12])[cH:13][cH:14][c:15]2[cH:16]1
COCc1ccc2cc(OC(C)=O)ccc2c1,*OC(C)=O,*c1ccc2cc(COC)ccc2c1,COCc3ccc2cc(c1ccccc1)ccc2c3,c1([O:1][C:10]([CH3:11])=[O:12])[cH:7][c:6]2[cH:5][cH:4][c:3]([CH2:2][O:18][CH3:17])[cH:16][c:15]2[cH:14][cH:13]1
COC(=O)c1ccc2cc(OC(C)=O)ccc2c1,*c1ccc2cc(C(=O)OC)ccc2c1,*OC(C)=O,COC(=O)c3ccc2cc(c1ccccc1)ccc2c3,c1([O:1][C:11]([CH3:12])=[O:13])[cH:8][c:7]2[cH:6][cH:5][c:4]([C:2](=[O:3])[O:19][CH3:18])[cH:17][c:16]2[cH:15][cH:14]1
COCOc1ccc2cc(OC(C)=O)ccc2c1,*OC(C)=O,*c1ccc2cc(OCOC)ccc2c1,COCOc3ccc2cc(c1ccccc1)ccc2c3,c1([O:1][C:11]([CH3:12])=[O:13])[cH:8][c:7]2[cH:6][cH:5][c:4]([O:3][CH2:2][O:19][CH3:18])[cH:17][c:16]2[cH:15][cH:14]1
COc1ccc2cc(OC(C)=O)ccc2c1,*OC(C)=O,*c1ccc2cc(OC)ccc2c1,COc3ccc2cc(c1ccccc1)ccc2c3,c1([O:1][C:9]([CH3:10])=[O:11])[cH:6][c:5]2[cH:4][cH:3][c:2]([O:17][CH3:16])[cH:15][c:14]2[cH:13][cH:12]1
CC(=O)Oc1ccc2cc(O)ccc2c1,*c1ccc2cc(O)ccc2c1,*OC(C)=O,Oc3ccc2cc(c1ccccc1)ccc2c3,c1([O:1][C:15](=[O:2])[CH3:16])[cH:5][cH:6][c:7]2[cH:8][c:9]([OH:10])[cH:11][cH:12][c:13]2[cH:14]1
COCc1c(OC)ccc2cc(OC(C)=O)ccc12,*OC(C)=O,*c1ccc2c(COC)c(OC)ccc2c1,COCc2c(OC)ccc3cc(c1ccccc1)ccc23,c1([O:1][C:13]([CH3:14])=[O:15])[cH:10][c:9]2[cH:8][cH:7][c:4]([O:5][CH3:6])[c:3]([CH2:2][O:20][CH3:19])[c:18]2[cH:17][cH:16]1
CC(=O)Oc1ccc2cc(-c3ccccc3)ccc2c1,*c1ccc2cc(-c3ccccc3)ccc2c1,*OC(C)=O,c4cc(CCCC)ccc4c3ccc2cc(c1ccccc1)ccc2c3,c1([O:1][C:20](=[O:2])[CH3:21])[cH:5][cH:6][c:7]2[cH:8][c:9](-[c:10]3[cH:11][cH:12][cH:13][cH:14][cH:15]3)[cH:16][cH:17][c:18]2[cH:19]1
COc1ccc(-c2ccc3cc(OC(C)=O)ccc3c2)cc1,*OC(C)=O,*c1ccc2cc(-c3ccc(OC)cc3)ccc2c1,COc4ccc(c3ccc2cc(c1ccc(CCCC)cc1)ccc2c3)cc4,c1([O:1][C:13]([CH3:14])=[O:15])[cH:10][c:9]2[cH:8][cH:7][c:6](-[c:5]3[cH:4][cH:3][c:2]([O:23][CH3:22])[cH:21][cH:20]3)[cH:19][c:18]2[cH:17][cH:16]1
CC(=O)Oc1cccc2ccccc12,*c1cccc2ccccc12,*OC(C)=O,c3ccc(c1cccc2ccccc12)cc3,c1([O:1][C:14](=[O:2])[CH3:15])[cH:5][cH:6][cH:7][c:8]2[cH:9][cH:10][cH:11][cH:12][c:13]12
COC(=O)c1ccc(OC(=O)C(C)(C)C)cc1,*OC(=O)C(C)(C)C,*c1ccc(C(=O)OC)cc1,COC(=O)c1ccc(c2ccc(OC)cc2)cc1,c1([O:1][C:9](=[O:10])[C:11]([CH3:12])([CH3:13])[CH3:14])[cH:6][cH:5][c:4]([C:2](=[O:3])[O:18][CH3:17])[cH:16][cH:15]1
CC(=O)c1ccc(OC(=O)C(C)(C)C)cc1,*OC(=O)C(C)(C)C,*c1ccc(C(C)=O)cc1,CC(=O)c1ccc(c2ccc(OC)cc2)cc1,c1([O:1][C:8](=[O:9])[C:10]([CH3:11])([CH3:12])[CH3:13])[cH:5][cH:4][c:3]([C:17](=[O:2])[CH3:16])[cH:15][cH:14]1
CC(C)(C)C(=O)Oc1ccc(F)cc1,*c1ccc(F)cc1,*OC(=O)C(C)(C)C,Fc1ccc(c2ccc(OC)cc2)cc1,c1([O:1][C:4](=[O:5])[C:14]([CH3:2])([CH3:3])[CH3:15])[cH:8][cH:9][c:10]([F:11])[cH:12][cH:13]1
CC(C)(C)C(=O)Oc1cccc(C(F)(F)F)c1,*c1cccc(C(F)(F)F)c1,*OC(=O)C(C)(C)C,c1c(C(F)(F)F)cc(c2ccc(OC)cc2)cc1,c1([O:1][C:4](=[O:5])[C:17]([CH3:2])([CH3:3])[CH3:18])[cH:8][cH:9][cH:10][c:11]([C:12]([F:13])([F:14])[F:15])[cH:16]1
CC(C)(C)C(=O)Oc1ccc(-c2ccccc2)cc1,*c1ccc(-c2ccccc2)cc1,*OC(=O)C(C)(C)C,c3ccccc3c1ccc(c2ccc(C)cc2)cc1,c1([O:1][C:4](=[O:5])[C:19]([CH3:2])([CH3:3])[CH3:20])[cH:8][cH:9][c:10](-[c:11]2[cH:12][cH:13][cH:14][cH:15][cH:16]2)[cH:17][cH:18]1
CC(C)(C)C(=O)Oc1ccccc1,*c1ccccc1,*OC(=O)C(C)(C)C,c1ccccc1c2ccc(C)cc2,c1([O:1][C:4](=[O:5])[C:13]([CH3:2])([CH3:3])[CH3:14])[cH:8][cH:9][cH:10][cH:11][cH:12]1
COc1cc(C(C)=O)ccc1OC(=O)C(C)(C)C,*OC(=O)C(C)(C)C,*c1ccc(C(C)=O)cc1OC,COc1ccc(c2c(OC)cc(C(=O)C)cc2)cc1,c1([O:1][C:12](=[O:13])[C:14]([CH3:15])([CH3:16])[CH3:17])[c:2]([O:19][CH3:18])[cH:3][c:4]([C:5]([CH3:6])=[O:7])[cH:8][cH:9]1
CC(C)(C)C(=O)Oc1ccc2c(=O)cc(-c3ccccc3)oc2c1,*c1ccc2c(=O)cc(-c3ccccc3)oc2c1,*OC(=O)C(C)(C)C,COc4ccc(c3ccc2c(=O)cc(c1ccccc1)oc2c3)cc4,c1([O:1][C:4](=[O:5])[C:24]([CH3:2])([CH3:3])[CH3:25])[cH:8][cH:9][c:10]2[c:11](=[O:12])[cH:13][c:14](-[c:15]3[cH:16][cH:17][cH:18][cH:19][cH:20]3)[o:21][c:22]2[cH:23]1
COc1ccc2ccc(OC(=O)C(C)(C)C)cc2c1,*OC(=O)C(C)(C)C,*c1ccc2ccc(OC)cc2c1,CCCCNC(=O)c2ccc1ccc(OC)cc1c2,c1([O:1][C:10](=[O:11])[C:12]([CH3:13])([CH3:14])[CH3:15])[cH:7][cH:6][c:5]2[cH:4][cH:3][c:2]([O:20][CH3:19])[cH:18][c:17]2[cH:16]1
CC(C)(C)C(=O)Oc1cccc2ccccc12,*c1cccc2ccccc12,*OC(=O)C(C)(C)C,CCCCNC(=O)c1cccc2ccccc12,c1([O:1][C:4](=[O:5])[C:17]([CH3:2])([CH3:3])[CH3:18])[cH:8][cH:9][cH:10][c:11]2[cH:12][cH:13][cH:14][cH:15][c:16]12
O=C(Oc1ccc2ccccc2c1)C12CC3CC(CC(C3)C1)C2,*c1ccc2ccccc2c1,*OC(=O)C12CC3CC(CC(C3)C1)C2,CCCCNC(=O)c2ccc1ccccc1c2,c1([O:1][C:23]([C:13]23[CH2:14][CH:15]4[CH2:16][CH:17]([CH2:18][CH:19]([CH2:20]4)[CH2:21]2)[CH2:22]3)=[O:24])[cH:4][cH:5][c:6]2[cH:7][cH:8][cH:9][cH:10][c:11]2[cH:12]1
CC(C)c1cc(C(C)C)c(C(=O)Oc2ccc3ccccc3c2)c(C(C)C)c1,*c1ccc2ccccc2c1,*OC(=O)c1c(C(C)C)cc(C(C)C)cc1C(C)C,CCCCNC(=O)c2ccc1ccccc1c2,c1([O:1][C:10]([c:9]2[c:5]([CH:6]([CH3:7])[CH3:8])[cH:4][c:3]([CH:28]([CH3:2])[CH3:29])[cH:27][c:23]2[CH:24]([CH3:25])[CH3:26])=[O:11])[cH:14][cH:15][c:16]2[cH:17][cH:18][cH:19][cH:20][c:21]2[cH:22]1
CC(C)(C)C(=O)Oc1ccc2ncccc2c1,*c1ccc2ncccc2c1,*OC(=O)C(C)(C)C,O=C(c1ccccc1)C(c2ccccc2)c4ccc3ncccc3c4,c1([O:1][C:4](=[O:5])[C:17]([CH3:2])([CH3:3])[CH3:18])[cH:8][cH:9][c:10]2[n:11][cH:12][cH:13][cH:14][c:15]2[cH:16]1
COC(=O)c1ccc2cc(OC(=O)C(C)(C)C)ccc2c1,*c1ccc2cc(C(=O)OC)ccc2c1,*OC(=O)C(C)(C)C,COC(=O)c4ccc3cc(C(C(=O)c1ccccc1)c2ccccc2)ccc3c4,c1([O:1][C:11](=[O:12])[C:13]([CH3:14])([CH3:15])[CH3:16])[cH:8][c:7]2[cH:6][cH:5][c:4]([C:2](=[O:3])[O:22][CH3:21])[cH:20][c:19]2[cH:18][cH:17]1
COc1ccc(OC(=O)C(C)(C)C)c2ccccc12,*OC(=O)C(C)(C)C,*c1ccc(OC)c2ccccc12,COc3ccc(C(=O)Cc1ccc(OC)c2ccccc12)cc3,c1([O:1][C:7](=[O:8])[C:9]([CH3:10])([CH3:11])[CH3:12])[cH:4][cH:3][c:2]([O:20][CH3:19])[c:18]2[c:13]1[cH:14][cH:15][cH:16][cH:17]2
CC(C)(C)C(=O)Oc1cccc2ncccc12,*c1cccc2ncccc12,*OC(=O)C(C)(C)C,COc3ccc(C(=O)Cc1cccc2ncccc12)cc3,c1([O:1][C:4](=[O:5])[C:17]([CH3:2])([CH3:3])[CH3:18])[cH:8][cH:9][cH:10][c:11]2[n:12][cH:13][cH:14][cH:15][c:16]12
CC(C)(C)C(=O)Oc1cccc2cccnc12,*c1cccc2cccnc12,*OC(=O)C(C)(C)C,COc3ccc(C(=O)Cc1cccc2cccnc12)cc3,c1([O:1][C:4](=[O:5])[C:17]([CH3:2])([CH3:3])[CH3:18])[cH:8][cH:9][cH:10][c:11]2[cH:12][cH:13][cH:14][n:15][c:16]12
COC(=O)[C@H](Cc1ccc(OC(=O)C(C)(C)C)cc1)N(C(=O)C(C)(C)C)c1ccccc1,*c1ccc(C[C@@H](C(=O)OC)N(C(=O)C(C)(C)C)c2ccccc2)cc1,*OC(=O)C(C)(C)C,COC(=O)[C@H](Cc2ccc(CC(=O)c1ccc(OC)cc1)cc2)N(C(=O)C(C)(C)C)c3ccccc3,c1([O:1][C:11](=[O:12])[C:13]([CH3:14])([CH3:15])[CH3:16])[cH:8][cH:7][c:6]([CH2:5][C@@H:4]([C:2](=[O:3])[O:33][CH3:32])[N:19]([C:20](=[O:21])[C:22]([CH3:23])([CH3:24])[CH3:25])[c:26]2[cH:27][cH:28][cH:29][cH:30][cH:31]2)[cH:18][cH:17]1
CC(C)(C)C(=O)Oc1ccc2c(c1)CCC1C2CC[C@]2(C)C(=O)CCC12,*c1ccc2c(c1)CCC1C2CC[C@]2(C)C(=O)CCC12,*OC(=O)C(C)(C)C,COc5ccc(C(=O)Cc1ccc2c(c1)CCC3C2CC[C@]4(C)C(=O)CCC34)cc5,c1([O:1][C:4](=[O:5])[C:26]([CH3:2])([CH3:3])[CH3:27])[cH:8][cH:9][c:10]2[c:11]([cH:12]1)[CH2:13][CH2:14][CH:15]1[CH:16]2[CH2:17][CH2:18][C@:19]2([CH3:20])[C:21](=[O:22])[CH2:23][CH2:24][CH:25]12
CC(C)(C)C(=O)Oc1ccc2cc(-c3cccc(F)c3)ccc2c1,*c1ccc2cc(-c3cccc(F)c3)ccc2c1,*OC(=O)C(C)(C)C,CC[Si](CC)(CC)c3ccc2cc(c1cccc(F)c1)ccc2c3,c1([O:1][C:4](=[O:5])[C:24]([CH3:2])([CH3:3])[CH3:25])[cH:8][cH:9][c:10]2[cH:11][c:12](-[c:13]3[cH:14][cH:15][cH:16][c:17]([F:18])[cH:19]3)[cH:20][cH:21][c:22]2[cH:23]1
CC(C)(C)C(=O)Nc1cccc2ccc(OC(=O)C(C)(C)C)cc12,*OC(=O)C(C)(C)C,*c1ccc2cccc(NC(=O)C(C)(C)C)c2c1,CC[Si](CC)(CC)c2ccc1cccc(NOC(=O)C(C)(C)C)c1c2,c1([O:1][C:16](=[O:17])[C:18]([CH3:19])([CH3:20])[CH3:21])[cH:13][cH:12][c:11]2[cH:10][cH:9][cH:8][c:7]([NH:6][C:4](=[O:5])[C:25]([CH3:2])([CH3:3])[CH3:24])[c:23]2[cH:22]1
COC(=O)c1cc2ccccc2cc1OC(=O)C(C)(C)C,*OC(=O)C(C)(C)C,*c1cc2ccccc2cc1C(=O)OC,CC[Si](CC)(CC)c2cc1ccccc1cc2C(=O)OC,c1([O:1][C:15](=[O:16])[C:17]([CH3:18])([CH3:19])[CH3:20])[c:4]([C:2](=[O:3])[O:22][CH3:21])[cH:5][c:6]2[cH:7][cH:8][cH:9][cH:10][c:11]2[cH:12]1
CC(C)[Si](c1ccc2ccc(OC(=O)C(C)(C)C)cc2c1)(C(C)C)C(C)C,*OC(=O)C(C)(C)C,*c1ccc2ccc([Si](C(C)C)(C(C)C)C(C)C)cc2c1,CC[Si](CC)(CC)c2ccc1ccc([Si](C(C)C)(C(C)C)C(C)C)cc1c2,c1([O:1][C:12](=[O:13])[C:14]([CH3:15])([CH3:16])[CH3:17])[cH:9][cH:8][c:7]2[cH:6][cH:5][c:4]([Si:3]([CH:21]([CH3:22])[CH3:23])([CH:24]([CH3:25])[CH3:26])[CH:28]([CH3:2])[CH3:27])[cH:20][c:19]2[cH:18]1
Cc1cc(OC(=O)C(C)(C)C)c2ccccc2n1,*OC(=O)C(C)(C)C,*c1cc(C)nc2ccccc12,CC[Si](CC)(CC)c1cc(C)nc2ccccc12,c1([O:1][C:5](=[O:6])[C:7]([CH3:8])([CH3:9])[CH3:10])[cH:2][c:19]([CH3:18])[n:17][c:16]2[c:11]1[cH:12][cH:13][cH:14][cH:15]2
CC(C)(C)C(=O)Oc1ccc(C(C)(C)C)cc1,*c1ccc(C(C)(C)C)cc1,*OC(=O)C(C)(C)C,CC[Si](CC)(CC)c1ccc(C(C)(C)C)cc1,c1([O:1][C:4](=[O:5])[C:17]([CH3:2])([CH3:3])[CH3:18])[cH:8][cH:9][c:10]([C:11]([CH3:12])([CH3:13])[CH3:14])[cH:15][cH:16]1
CC(C)(C)C(=O)Oc1ccc(C(F)(F)F)cc1,*c1ccc(C(F)(F)F)cc1,*OC(=O)C(C)(C)C,CC[Si](CC)(CC)c1ccc(C(F)(F)F)cc1,c1([O:1][C:4](=[O:5])[C:17]([CH3:2])([CH3:3])[CH3:18])[cH:8][cH:9][c:10]([C:11]([F:12])([F:13])[F:14])[cH:15][cH:16]1
CC(C)(C)C(=O)Oc1ccc(B2OC(C)(C)C(C)(C)O2)cc1,*c1ccc(B2OC(C)(C)C(C)(C)O2)cc1,*OC(=O)C(C)(C)C,CC[Si](CC)(CC)c2ccc(B1OC(C)(C)C(C)(C)O1)cc2,c1([O:1][C:4](=[O:5])[C:22]([CH3:2])([CH3:3])[CH3:23])[cH:8][cH:9][c:10]([B:11]2[O:12][C:13]([CH3:14])([CH3:15])[C:16]([CH3:17])([CH3:18])[O:19]2)[cH:20][cH:21]1
CC(C)(C)C(=O)Oc1ccc(C(=O)C(C)(C)C)cc1,*c1ccc(C(=O)C(C)(C)C)cc1,*OC(=O)C(C)(C)C,CC[Si](CC)(CC)c1ccc(C(=O)C(C)(C)C)cc1,c1([O:1][C:4](=[O:5])[C:19]([CH3:2])([CH3:3])[CH3:20])[cH:8][cH:9][c:10]([C:11](=[O:12])[C:13]([CH3:14])([CH3:15])[CH3:16])[cH:17][cH:18]1
COc1cccc(OC(=O)C(C)(C)C)c1,*OC(=O)C(C)(C)C,*c1cccc(OC)c1,CC[Si](CC)(CC)c1cccc(OC)c1,c1([O:1][C:8](=[O:9])[C:10]([CH3:11])([CH3:12])[CH3:13])[cH:5][cH:4][cH:3][c:2]([O:16][CH3:15])[cH:14]1
CN(C)c1cccc(OC(=O)C(C)(C)C)c1,*OC(=O)C(C)(C)C,*c1cccc(N(C)C)c1,CC[Si](CC)(CC)c1cccc(N(C)C)c1,c1([O:1][C:9](=[O:10])[C:11]([CH3:12])([CH3:13])[CH3:14])[cH:6][cH:5][cH:4][c:3]([N:17]([CH3:2])[CH3:16])[cH:15]1
Cc1ccc(C)c(OC(=O)C(C)(C)C)c1,*OC(=O)C(C)(C)C,*c1cc(C)ccc1C,CC[Si](CC)(CC)c1cc(C)ccc1C,c1([O:1][C:8](=[O:9])[C:10]([CH3:11])([CH3:12])[CH3:13])[c:4]([CH3:5])[cH:3][cH:2][c:16]([CH3:15])[cH:14]1
CC(C)(C)C(=O)Oc1ccccc1-c1ccccc1,*c1ccccc1-c1ccccc1,*OC(=O)C(C)(C)C,CC[Si](CC)(CC)c1ccccc1c2ccccc2,c1([O:1][C:4](=[O:5])[C:19]([CH3:2])([CH3:3])[CH3:20])[cH:8][cH:9][cH:10][cH:11][c:12]1-[c:13]1[cH:14][cH:15][cH:16][cH:17][cH:18]1
CC(C)(C)C(=O)Oc1ccc2c(c1)OCO2,*OC(=O)C(C)(C)C,*c1ccc2c(c1)OCO2,CC[Si](CC)(CC)c2ccc1OCOc1c2,c1([O:1][C:4](=[O:5])[C:16]([CH3:2])([CH3:3])[CH3:17])[cH:8][cH:9][c:10]2[c:11]([cH:12]1)[O:13][CH2:14][O:15]2
CC(C)(C)C(=O)Oc1ccc2c(c1)oc1ccccc12,*c1ccc2c(c1)oc1ccccc12,*OC(=O)C(C)(C)C,CC[Si](CC)(CC)c1ccc3c(c1)oc2ccccc23,c1([O:1][C:4](=[O:5])[C:20]([CH3:2])([CH3:3])[CH3:21])[cH:8][cH:9][c:10]2[c:11]([cH:12]1)[o:13][c:14]1[cH:15][cH:16][cH:17][cH:18][c:19]21
COc1ccccc1C(=O)Oc1ccc2ccccc2c1,*OC,*c1ccccc1C(=O)Oc1ccc2ccccc2c1,O=C(O)c2ccc1ccccc1c2,[c:11]1([O:10][CH3:21])[cH:3][cH:4][cH:5][cH:6][c:7]1[C:8](=[O:9])[O:1]c1[cH:12][cH:13][c:14]2[cH:15][cH:16][cH:17][cH:18][c:19]2[cH:20]1
CC(C)(C)C(=O)Oc1ccc2cc(-c3ccccc3)ccc2c1,*c1ccc2cc(-c3ccccc3)ccc2c1,*OC(=O)C(C)(C)C,O=C(O)c3ccc2cc(c1ccccc1)ccc2c3,c1([O:1][C:4](=[O:5])[C:23]([CH3:2])([CH3:3])[CH3:24])[cH:8][cH:9][c:10]2[cH:11][c:12](-[c:13]3[cH:14][cH:15][cH:16][cH:17][cH:18]3)[cH:19][cH:20][c:21]2[cH:22]1
CC(C)(C)C(=O)Oc1ccc(Cc2ccccc2)c2ccccc12,*c1ccc(Cc2ccccc2)c2ccccc12,*OC(=O)C(C)(C)C,O=C(O)c2ccc(Cc1ccccc1)c3ccccc23,c1([O:1][C:4](=[O:5])[C:24]([CH3:2])([CH3:3])[CH3:25])[cH:8][cH:9][c:10]([CH2:11][c:12]2[cH:13][cH:14][cH:15][cH:16][cH:17]2)[c:18]2[cH:19][cH:20][cH:21][cH:22][c:23]12
CN(C(=O)C(C)(C)C)c1ccc(OC(=O)C(C)(C)C)c2ccccc12,*OC(=O)C(C)(C)C,*c1ccc(N(C)C(=O)C(C)(C)C)c2ccccc12,CN(C(=O)C(C)(C)C)c1ccc(C(=O)O)c2ccccc12,c1([O:1][C:13](=[O:14])[C:15]([CH3:16])([CH3:17])[CH3:18])[cH:10][cH:9][c:8]([N:26]([C:2](=[O:3])[C:4]([CH3:5])([CH3:6])[CH3:7])[CH3:25])[c:24]2[c:19]1[cH:20][cH:21][cH:22][cH:23]2
CC(C)(C)C(=O)Oc1ccc([N+](=O)[O-])c2ccccc12,*c1ccc([N+](=O)[O-])c2ccccc12,*OC(=O)C(C)(C)C,O=C(O)c1ccc([N+](=O)[O-])c2ccccc12,c1([O:1][C:4](=[O:5])[C:20]([CH3:2])([CH3:3])[CH3:21])[cH:8][cH:9][c:10]([N+:11](=[O:12])[O-:13])[c:14]2[cH:15][cH:16][cH:17][cH:18][c:19]12
CN(C)c1cccc2ccc(OC(=O)C(C)(C)C)cc12,*OC(=O)C(C)(C)C,*c1ccc2cccc(N(C)C)c2c1,CN(C)c1cccc2ccc(C(=O)O)cc12,c1([O:1][C:12](=[O:13])[C:14]([CH3:15])([CH3:16])[CH3:17])[cH:9][cH:8][c:7]2[cH:6][cH:5][cH:4][c:3]([N:21]([CH3:2])[CH3:20])[c:19]2[cH:18]1
CN(C)c1ccc2ccc(OC(=O)C(C)(C)C)cc2c1,*c1ccc2ccc(N(C)C)cc2c1,*OC(=O)C(C)(C)C,CN(C)c2ccc1ccc(C(=O)O)cc1c2,c1([O:1][C:11](=[O:12])[C:13]([CH3:14])([CH3:15])[CH3:16])[cH:8][cH:7][c:6]2[cH:5][cH:4][c:3]([N:21]([CH3:2])[CH3:20])[cH:19][c:18]2[cH:17]1
CC(C)(C)C(=O)Oc1ccc2ccc(-n3cccn3)cc2c1,*c1ccc2ccc(-n3cccn3)cc2c1,*OC(=O)C(C)(C)C,O=C(O)c3ccc2ccc(n1cccn1)cc2c3,c1([O:1][C:4](=[O:5])[C:22]([CH3:2])([CH3:3])[CH3:23])[cH:8][cH:9][c:10]2[cH:11][cH:12][c:13](-[n:14]3[cH:15][cH:16][cH:17][n:18]3)[cH:19][c:20]2[cH:21]1
CC(C)(C)C(=O)Oc1ccc2ccc(-n3ccnc3)cc2c1,*c1ccc2ccc(-n3ccnc3)cc2c1,*OC(=O)C(C)(C)C,O=C(O)c3ccc2ccc(n1ccnc1)cc2c3,c1([O:1][C:4](=[O:5])[C:22]([CH3:2])([CH3:3])[CH3:23])[cH:8][cH:9][c:10]2[cH:11][cH:12][c:13](-[n:14]3[cH:15][cH:16][n:17][cH:18]3)[cH:19][c:20]2[cH:21]1
Cn1c2ccccc2c2ccc(OC(=O)C(C)(C)C)cc21,*OC(=O)C(C)(C)C,*c1ccc2c3ccccc3n(C)c2c1,Cn3c1ccccc1c2ccc(C(=O)O)cc23,c1([O:1][C:13](=[O:14])[C:15]([CH3:16])([CH3:17])[CH3:18])[cH:10][cH:9][c:8]2[c:7]3[c:2]([cH:3][cH:4][cH:5][cH:6]3)[n:22]([CH3:21])[c:20]2[cH:19]1
COc1cc2cc(OC(=O)C(C)(C)C)ccc2cc1-c1ccccc1,*OC(=O)C(C)(C)C,*c1ccc2cc(-c3ccccc3)c(OC)cc2c1,COc2cc1cc(C(=O)O)ccc1cc2c3ccccc3,c1([O:1][C:8](=[O:9])[C:10]([CH3:11])([CH3:12])[CH3:13])[cH:5][c:4]2[cH:3][c:2]([O:26][CH3:25])[c:18](-[c:19]3[cH:20][cH:21][cH:22][cH:23][cH:24]3)[cH:17][c:16]2[cH:15][cH:14]1
CC(C)(C)C(=O)Oc1cccc2cc(O[Si](C)(C)C(C)(C)C)ccc12,*OC(=O)C(C)(C)C,*c1cccc2cc(O[Si](C)(C)C(C)(C)C)ccc12,CC(C)(C)[Si](C)(C)Oc2ccc1c(C(=O)O)cccc1c2,c1([O:1][C:4](=[O:5])[C:25]([CH3:2])([CH3:3])[CH3:26])[cH:8][cH:9][cH:10][c:11]2[cH:12][c:13]([O:14][Si:15]([CH3:16])([CH3:17])[C:18]([CH3:19])([CH3:20])[CH3:21])[cH:22][cH:23][c:24]12
CC(C)(C)C(=O)Oc1ccc2c(O[Si](C)(C)C(C)(C)C)cccc2c1,*OC(=O)C(C)(C)C,*c1ccc2c(O[Si](C)(C)C(C)(C)C)cccc2c1,CC(C)(C)[Si](C)(C)Oc1cccc2cc(C(=O)O)ccc12,c1([O:1][C:4](=[O:5])[C:25]([CH3:2])([CH3:3])[CH3:26])[cH:8][cH:9][c:10]2[c:11]([O:12][Si:13]([CH3:14])([CH3:15])[C:16]([CH3:17])([CH3:18])[CH3:19])[cH:20][cH:21][cH:22][c:23]2[cH:24]1
CC(C)(C)C(=O)Oc1ccc2cc(O[Si](C)(C)C(C)(C)C)ccc2c1,*OC(=O)C(C)(C)C,*c1ccc2cc(O[Si](C)(C)C(C)(C)C)ccc2c1,CC(C)(C)[Si](C)(C)Oc2ccc1cc(C(=O)O)ccc1c2,c1([O:1][C:4](=[O:5])[C:25]([CH3:2])([CH3:3])[CH3:26])[cH:8][cH:9][c:10]2[cH:11][c:12]([O:13][Si:14]([CH3:15])([CH3:16])[C:17]([CH3:18])([CH3:19])[CH3:20])[cH:21][cH:22][c:23]2[cH:24]1
CC(C)(C)C(=O)Oc1cccc2c(O[Si](C)(C)C(C)(C)C)cccc12,*OC(=O)C(C)(C)C,*c1cccc2c(O[Si](C)(C)C(C)(C)C)cccc12,CC(C)(C)[Si](C)(C)Oc1cccc2c(C(=O)O)cccc12,c1([O:1][C:4](=[O:5])[C:25]([CH3:2])([CH3:3])[CH3:26])[cH:8][cH:9][cH:10][c:11]2[c:12]([O:13][Si:14]([CH3:15])([CH3:16])[C:17]([CH3:18])([CH3:19])[CH3:20])[cH:21][cH:22][cH:23][c:24]12
CC(C)(C)OCOc1ccccc1,*c1ccccc1,*OCOC(C)(C)C,c2ccc(N1CCOCC1)cc2,c1([O:1][CH2:5][O:4][C:13]([CH3:2])([CH3:3])[CH3:14])[cH:8][cH:9][cH:10][cH:11][cH:12]1
COCOc1ccccc1,*c1ccccc1,*OCOC,c2ccc(N1CCOCC1)cc2,c1([O:1][CH2:2][O:10][CH3:11])[cH:5][cH:6][cH:7][cH:8][cH:9]1
c1ccc(OCOc2ccccc2)cc1,*OCO*,*c1ccccc1,c2ccc(N1CCOCC1)cc2,c1([O:1][CH2:5][O:6][c:7]2[cH:8][cH:9][cH:10][cH:11][cH:12]2)[cH:2][cH:16][cH:15][cH:14][cH:13]1
CCN(CC)C(=O)Oc1ccccc1,*c1ccccc1,*OC(=O)N(CC)CC,c2ccc(N1CCOCC1)cc2,c1([O:1][C:5]([N:2]([CH2:3][CH3:4])[CH2:14][CH3:15])=[O:6])[cH:9][cH:10][cH:11][cH:12][cH:13]1
CC(C)(C)C(=O)Oc1ccc(/C=C/c2ccccc2)cc1,*c1ccc(/C=C/c2ccccc2)cc1,*OC(=O)C(C)(C)C,C(=C\c2ccc(N1CCOCC1)cc2)/c3ccccc3,c1([O:1][C:4](=[O:5])[C:21]([CH3:2])([CH3:3])[CH3:22])[cH:8][cH:9][c:10](/[CH:11]=[CH:12]/[c:13]2[cH:14][cH:15][cH:16][cH:17][cH:18]2)[cH:19][cH:20]1
CCN(CC)c1cccc(OC(=O)C(C)(C)C)c1,*c1cccc(N(CC)CC)c1,*OC(=O)C(C)(C)C,CCN(CC)c2cccc(N1CCOCC1)c2,c1([O:1][C:11](=[O:12])[C:13]([CH3:14])([CH3:15])[CH3:16])[cH:8][cH:7][cH:6][c:5]([N:2]([CH2:3][CH3:4])[CH2:19][CH3:18])[cH:17]1
CC(C)(C)C(=O)Oc1cc2ccccc2c2ccccc12,*c1cc2ccccc2c2ccccc12,*OC(=O)C(C)(C)C,c1ccc4c(c1)cc(N2CCOCC2)c3ccccc34,c1([O:1][C:4](=[O:5])[C:21]([CH3:2])([CH3:3])[CH3:22])[cH:8][c:9]2[cH:10][cH:11][cH:12][cH:13][c:14]2[c:15]2[cH:16][cH:17][cH:18][cH:19][c:20]12
CC(C)(C)OC(=O)Oc1ccc2ccccc2c1,*c1ccc2ccccc2c1,*OC(=O)OC(C)(C)C,c4ccc3cc(c2nc1ccccc1o2)ccc3c4,c1([O:1][C:5]([O:4][C:18]([CH3:2])([CH3:3])[CH3:19])=[O:6])[cH:9][cH:10][c:11]2[cH:12][cH:13][cH:14][cH:15][c:16]2[cH:17]1
CC(C)(C)C(=O)Oc1cccnc1,*c1cccnc1,*OC(=O)C(C)(C)C,c3cncc(c2nc1ccccc1o2)c3,c1([O:1][C:4](=[O:5])[C:13]([CH3:2])([CH3:3])[CH3:14])[cH:8][cH:9][cH:10][n:11][cH:12]1
CC(C)(C)C(=O)Oc1ccc2cc(C#N)ccc2c1,*c1ccc2cc(C#N)ccc2c1,*OC(=O)C(C)(C)C,N#Cc4ccc3cc(c2nc1ccccc1o2)ccc3c4,c1([O:1][C:4](=[O:5])[C:19]([CH3:2])([CH3:3])[CH3:20])[cH:8][cH:9][c:10]2[cH:11][c:12]([C:13]#[N:14])[cH:15][cH:16][c:17]2[cH:18]1
Cc1ccc(OC(=O)C(C)(C)C)cc1,*OC(=O)C(C)(C)C,*c1ccc(C)cc1,COc2ccc(c1ccc(C)cc1)cc2,c1([O:1][C:6](=[O:7])[C:8]([CH3:9])([CH3:10])[CH3:11])[cH:3][cH:2][c:15]([CH3:14])[cH:13][cH:12]1
Cc1ccccc1OC(=O)C(C)(C)C,*OC(=O)C(C)(C)C,*c1ccccc1C,COc2ccc(c1ccccc1C)cc2,c1([O:1][C:8](=[O:9])[C:10]([CH3:11])([CH3:12])[CH3:13])[cH:5][cH:4][cH:3][cH:2][c:15]1[CH3:14]
CC(C)(C)OC(=O)Oc1cccc2ccccc12,*c1cccc2ccccc12,*OC(=O)OC(C)(C)C,c3ccc2c(c1ccoc1)cccc2c3,c1([O:1][C:5]([O:4][C:18]([CH3:2])([CH3:3])[CH3:19])=[O:6])[cH:9][cH:10][cH:11][c:12]2[cH:13][cH:14][cH:15][cH:16][c:17]12
CCN(CC)C(=O)Oc1cccc2ccccc12,*c1cccc2ccccc12,*OC(=O)N(CC)CC,c3ccc2c(c1ccoc1)cccc2c3,c1([O:1][C:5]([N:2]([CH2:3][CH3:4])[CH2:18][CH3:19])=[O:6])[cH:9][cH:10][cH:11][c:12]2[cH:13][cH:14][cH:15][cH:16][c:17]12
O=C(Oc1cccc2ccccc12)c1ccccc1,*c1cccc2ccccc12,*OC(=O)c1ccccc1,c3ccc2c(c1ccoc1)cccc2c3,c1([O:1][C:19]([c:13]2[cH:14][cH:15][cH:16][cH:17][cH:18]2)=[O:20])[cH:4][cH:5][cH:6][c:7]2[cH:8][cH:9][cH:10][cH:11][c:12]12
CC(C)(C)C(=O)Oc1c2ccccc2cc2ccccc12,*c1c2ccccc2cc2ccccc12,*OC(=O)C(C)(C)C,c4ccc(c2c1ccccc1cc3ccccc23)cc4,c1([O:1][C:4](=[O:5])[C:21]([CH3:2])([CH3:3])[CH3:22])[c:8]2[cH:9][cH:10][cH:11][cH:12][c:13]2[cH:14][c:15]2[cH:16][cH:17][cH:18][cH:19][c:20]12
CCN(CC)C(=O)Oc1c2ccccc2cc2ccccc12,*c1c2ccccc2cc2ccccc12,*OC(=O)N(CC)CC,c4ccc(c2c1ccccc1cc3ccccc23)cc4,c1([O:1][C:5]([N:2]([CH2:3][CH3:4])[CH2:22][CH3:23])=[O:6])[c:9]2[cH:10][cH:11][cH:12][cH:13][c:14]2[cH:15][c:16]2[cH:17][cH:18][cH:19][cH:20][c:21]12
CC(C)C(=O)Oc1c2ccccc2cc2ccccc12,*c1c2ccccc2cc2ccccc12,*OC(=O)C(C)C,c4ccc(c2c1ccccc1cc3ccccc23)cc4,c1([O:1][C:3](=[O:4])[CH:20]([CH3:2])[CH3:21])[c:7]2[cH:8][cH:9][cH:10][cH:11][c:12]2[cH:13][c:14]2[cH:15][cH:16][cH:17][cH:18][c:19]12
CCC(=O)Oc1c2ccccc2cc2ccccc12,*c1c2ccccc2cc2ccccc12,*OC(=O)CC,c4ccc(c2c1ccccc1cc3ccccc23)cc4,c1([O:1][C:2](=[O:3])[CH2:19][CH3:20])[c:6]2[cH:7][cH:8][cH:9][cH:10][c:11]2[cH:12][c:13]2[cH:14][cH:15][cH:16][cH:17][c:18]12
CC(=O)Oc1c2ccccc2cc2ccccc12,*c1c2ccccc2cc2ccccc12,*OC(C)=O,c4ccc(c2c1ccccc1cc3ccccc23)cc4,c1([O:1][C:18](=[O:2])[CH3:19])[c:5]2[cH:6][cH:7][cH:8][cH:9][c:10]2[cH:11][c:12]2[cH:13][cH:14][cH:15][cH:16][c:17]12
O=C(Oc1c2ccccc2cc2ccccc12)c1ccccc1,*c1c2ccccc2cc2ccccc12,*OC(=O)c1ccccc1,c4ccc(c2c1ccccc1cc3ccccc23)cc4,c1([O:1][C:23]([c:17]2[cH:18][cH:19][cH:20][cH:21][cH:22]2)=[O:24])[c:4]2[cH:5][cH:6][cH:7][cH:8][c:9]2[cH:10][c:11]2[cH:12][cH:13][cH:14][cH:15][c:16]12
Cc1cc(C)c(C(=O)Oc2c3ccccc3cc3ccccc23)c(C)c1,*c1c2ccccc2cc2ccccc12,*OC(=O)c1c(C)cc(C)cc1C,c4ccc(c2c1ccccc1cc3ccccc23)cc4,c1([O:1][C:6]([c:5]2[c:3]([CH3:4])[cH:2][c:26]([CH3:27])[cH:25][c:23]2[CH3:24])=[O:7])[c:10]2[cH:11][cH:12][cH:13][cH:14][c:15]2[cH:16][c:17]2[cH:18][cH:19][cH:20][cH:21][c:22]12
O=C(Cc1ccccc1)Oc1c2ccccc2cc2ccccc12,*OC(=O)Cc1ccccc1,*c1c2ccccc2cc2ccccc12,c4ccc(c2c1ccccc1cc3ccccc23)cc4,c1([O:1][C:24]([CH2:2][c:3]2[cH:4][cH:5][cH:6][cH:7][cH:8]2)=[O:25])[c:11]2[cH:12][cH:13][cH:14][cH:15][c:16]2[cH:17][c:18]2[cH:19][cH:20][cH:21][cH:22][c:23]12
CCN(CC)C(=O)Oc1ccc2ccccc2c1,*c1ccc2ccccc2c1,*OC(=O)N(CC)CC,COc3ccc(c2ccc1ccccc1c2)cc3,c1([O:1][C:5]([N:2]([CH2:3][CH3:4])[CH2:18][CH3:19])=[O:6])[cH:9][cH:10][c:11]2[cH:12][cH:13][cH:14][cH:15][c:16]2[cH:17]1
CCN(CC)C(=O)Oc1ccc2cc(C(=O)OC)ccc2c1,*c1ccc2cc(C(=O)OC)ccc2c1,*OC(=O)N(CC)CC,COC(=O)c3ccc2cc(c1ccccc1)ccc2c3,c1([O:1][C:5]([N:2]([CH2:3][CH3:4])[CH2:22][CH3:23])=[O:6])[cH:9][cH:10][c:11]2[cH:12][c:13]([C:14](=[O:15])[O:16][CH3:17])[cH:18][cH:19][c:20]2[cH:21]1
CCN(CC)C(=O)Oc1ccc(OC)c2ccccc12,*OC(=O)N(CC)CC,*c1ccc(OC)c2ccccc12,COc2ccc(c1ccccc1)c3ccccc23,c1([O:1][C:5]([N:2]([CH2:3][CH3:4])[CH2:20][CH3:21])=[O:6])[cH:9][cH:10][c:11]([O:12][CH3:13])[c:14]2[cH:15][cH:16][cH:17][cH:18][c:19]12
CCN(CC)C(=O)Oc1ccc(OC)cc1,*OC(=O)N(CC)CC,*c1ccc(OC)cc1,COc2ccc(c1ccccc1)cc2,c1([O:1][C:5]([N:2]([CH2:3][CH3:4])[CH2:16][CH3:17])=[O:6])[cH:9][cH:10][c:11]([O:12][CH3:13])[cH:14][cH:15]1
COc1ccc(OC(=O)OC(C)(C)C)c2ccccc12,*OC(=O)OC(C)(C)C,*c1ccc(OC)c2ccccc12,COc2ccc(c1ccccc1)c3ccccc23,c1([O:1][C:7](=[O:8])[O:9][C:10]([CH3:11])([CH3:12])[CH3:13])[cH:4][cH:3][c:2]([O:21][CH3:20])[c:19]2[c:14]1[cH:15][cH:16][cH:17][cH:18]2
CCN(CC)C(=O)Oc1ccc2c(c1)OCO2,*OC(=O)N(CC)CC,*c1ccc2c(c1)OCO2,c3ccc(c2ccc1OCOc1c2)cc3,c1([O:1][C:5]([N:2]([CH2:3][CH3:4])[CH2:17][CH3:18])=[O:6])[cH:9][cH:10][c:11]2[c:12]([cH:13]1)[O:14][CH2:15][O:16]2
CCN(CC)C(=O)Oc1cccc(F)c1,*c1cccc(F)c1,*OC(=O)N(CC)CC,COc2ccc(c1cccc(F)c1)cc2,c1([O:1][C:5]([N:2]([CH2:3][CH3:4])[CH2:15][CH3:16])=[O:6])[cH:9][cH:10][cH:11][c:12]([F:13])[cH:14]1
CCN(CC)C(=O)Oc1ccc(C#N)cc1,*c1ccc(C#N)cc1,*OC(=O)N(CC)CC,N#Cc2ccc(c1ccccc1)cc2,c1([O:1][C:5]([N:2]([CH2:3][CH3:4])[CH2:16][CH3:17])=[O:6])[cH:9][cH:10][c:11]([C:12]#[N:13])[cH:14][cH:15]1
CCN(CC)C(=O)Oc1ccc(C)cc1C,*c1ccc(C)cc1C,*OC(=O)N(CC)CC,Cc2ccc(c1ccccc1)c(C)c2,c1([O:1][C:5]([N:2]([CH2:3][CH3:4])[CH2:16][CH3:17])=[O:6])[cH:9][cH:10][c:11]([CH3:12])[cH:13][c:14]1[CH3:15]
CCN(CC)C(=O)Oc1ccccc1Cc1ccccc1,*c1ccccc1Cc1ccccc1,*OC(=O)N(CC)CC,c3ccc(Cc1ccccc1c2ccccc2)cc3,c1([O:1][C:5]([N:2]([CH2:3][CH3:4])[CH2:21][CH3:22])=[O:6])[cH:9][cH:10][cH:11][cH:12][c:13]1[CH2:14][c:15]1[cH:16][cH:17][cH:18][cH:19][cH:20]1
CCN(CC)C(=O)Oc1ccccc1/C=C/c1ccccc1,*c1ccccc1/C=C/c1ccccc1,*OC(=O)N(CC)CC,C(=C\c1ccccc1c2ccccc2)/c3ccccc3,c1([O:1][C:5]([N:2]([CH2:3][CH3:4])[CH2:22][CH3:23])=[O:6])[cH:9][cH:10][cH:11][cH:12][c:13]1/[CH:14]=[CH:15]/[c:16]1[cH:17][cH:18][cH:19][cH:20][cH:21]1
CCN(CC)C(=O)Oc1ccccc1OC,*OC(=O)N(CC)CC,*c1ccccc1OC,COc1ccccc1c2ccccc2,c1([O:1][C:5]([N:2]([CH2:3][CH3:4])[CH2:16][CH3:17])=[O:6])[cH:9][cH:10][cH:11][cH:12][c:13]1[O:14][CH3:15]
CCN(CC)C(=O)Oc1ccccc1-c1ccccc1,*c1ccccc1-c1ccccc1,*OC(=O)N(CC)CC,c3ccc(c1ccccc1c2ccccc2)cc3,c1([O:1][C:5]([N:2]([CH2:3][CH3:4])[CH2:20][CH3:21])=[O:6])[cH:9][cH:10][cH:11][cH:12][c:13]1-[c:14]1[cH:15][cH:16][cH:17][cH:18][cH:19]1
CCN(CC)C(=O)Oc1cccc2[nH]c3ccccc3c12,*c1cccc2[nH]c3ccccc3c12,*OC(=O)N(CC)CC,c4ccc(c2cccc3[nH]c1ccccc1c23)cc4,c1([O:1][C:5]([N:2]([CH2:3][CH3:4])[CH2:21][CH3:22])=[O:6])[cH:9][cH:10][cH:11][c:12]2[nH:13][c:14]3[cH:15][cH:16][cH:17][cH:18][c:19]3[c:20]12
CN(C)C(=O)Oc1ccc(N(C)C)cc1,*c1ccc(N(C)C)cc1,*OC(=O)N(C)C,CN(C)c2ccc(c1ccccc1)cc2,c1([O:1][C:3](=[O:4])[N:15]([CH3:2])[CH3:16])[cH:7][cH:8][c:9]([N:10]([CH3:11])[CH3:12])[cH:13][cH:14]1
CN(C)C(=O)Oc1ccc(-c2ccccc2)cc1,*c1ccc(-c2ccccc2)cc1,*OC(=O)N(C)C,c3ccc(c2ccc(c1ccccc1)cc2)cc3,c1([O:1][C:3](=[O:4])[N:18]([CH3:2])[CH3:19])[cH:7][cH:8][c:9](-[c:10]2[cH:11][cH:12][cH:13][cH:14][cH:15]2)[cH:16][cH:17]1
COC(=O)c1ccc(OC(=O)N(C)C)cc1,*OC(=O)N(C)C,*c1ccc(C(=O)OC)cc1,COC(=O)c2ccc(c1ccccc1)cc2,c1([O:1][C:9](=[O:10])[N:11]([CH3:12])[CH3:13])[cH:6][cH:5][c:4]([C:2](=[O:3])[O:17][CH3:16])[cH:15][cH:14]1
CC(=O)c1ccc(OC(=O)N(C)C)cc1,*OC(=O)N(C)C,*c1ccc(C(C)=O)cc1,CC(=O)c2ccc(c1ccccc1)cc2,c1([O:1][C:8](=[O:9])[N:10]([CH3:11])[CH3:12])[cH:5][cH:4][c:3]([C:16](=[O:2])[CH3:15])[cH:14][cH:13]1
CN(C)C(=O)Oc1ccc2ncccc2c1,*c1ccc2ncccc2c1,*OC(=O)N(C)C,c3ccc(c2ccc1ncccc1c2)cc3,c1([O:1][C:3](=[O:4])[N:16]([CH3:2])[CH3:17])[cH:7][cH:8][c:9]2[n:10][cH:11][cH:12][cH:13][c:14]2[cH:15]1
CN(C)C(=O)Oc1cccc2ncccc12,*c1cccc2ncccc12,*OC(=O)N(C)C,c3ccc(c1cccc2ncccc12)cc3,c1([O:1][C:3](=[O:4])[N:16]([CH3:2])[CH3:17])[cH:7][cH:8][cH:9][c:10]2[n:11][cH:12][cH:13][cH:14][c:15]12
CCOC(=O)c1ccc(OC(=O)N(CC)CC)cc1,*OC(=O)N(CC)CC,*c1ccc(C(=O)OCC)cc1,CCOC(=O)c2ccc(c1ccccc1)cc2,c1([O:1][C:10](=[O:11])[N:12]([CH2:13][CH3:14])[CH2:15][CH3:16])[cH:7][cH:6][c:5]([C:3]([O:2][CH2:20][CH3:19])=[O:4])[cH:18][cH:17]1
CCN(CC)C(=O)Oc1ccc(C)cc1,*c1ccc(C)cc1,*OC(=O)N(CC)CC,COc2ccc(c1ccc(C)cc1)cc2,c1([O:1][C:5]([N:2]([CH2:3][CH3:4])[CH2:15][CH3:16])=[O:6])[cH:9][cH:10][c:11]([CH3:12])[cH:13][cH:14]1
CCN(CC)C(=O)Oc1ccc(-c2ccccc2)cc1,*c1ccc(-c2ccccc2)cc1,*OC(=O)N(CC)CC,c3ccc(c2ccc(c1ccccc1)cc2)cc3,c1([O:1][C:5]([N:2]([CH2:3][CH3:4])[CH2:20][CH3:21])=[O:6])[cH:9][cH:10][c:11](-[c:12]2[cH:13][cH:14][cH:15][cH:16][cH:17]2)[cH:18][cH:19]1
CCN(CC)C(=O)Oc1c(C)cccc1C,*c1c(C)cccc1C,*OC(=O)N(CC)CC,Cc1cccc(C)c1c2ccccc2,c1([O:1][C:5]([N:2]([CH2:3][CH3:4])[CH2:16][CH3:17])=[O:6])[c:9]([CH3:10])[cH:11][cH:12][cH:13][c:14]1[CH3:15]
CCN(CC)C(=O)Oc1cccc(N(C)C)c1,*c1cccc(N(C)C)c1,*OC(=O)N(CC)CC,COc2ccc(c1cccc(N(C)C)c1)cc2,c1([O:1][C:5]([N:2]([CH2:3][CH3:4])[CH2:17][CH3:18])=[O:6])[cH:9][cH:10][cH:11][c:12]([N:13]([CH3:14])[CH3:15])[cH:16]1
COC(=O)Oc1ccc(OC)cc1,*OC(=O)OC,*c1ccc(OC)cc1,COc2ccc(c1ccccc1)cc2,c1([O:1][C:2](=[O:3])[O:13][CH3:14])[cH:6][cH:7][c:8]([O:9][CH3:10])[cH:11][cH:12]1
COC(=O)Oc1ccc(C(=O)OC(C)(C)C)cc1,*c1ccc(C(=O)OC(C)(C)C)cc1,*OC(=O)OC,CC(C)(C)OC(=O)c2ccc(c1ccccc1)cc2,c1([O:1][C:2](=[O:3])[O:18][CH3:19])[cH:6][cH:7][c:8]([C:9](=[O:10])[O:11][C:12]([CH3:13])([CH3:14])[CH3:15])[cH:16][cH:17]1
COC(=O)Oc1ccc2ccccc2c1,*c1ccc2ccccc2c1,*OC(=O)OC,c3ccc(c2ccc1ccccc1c2)cc3,c1([O:1][C:2](=[O:3])[O:15][CH3:16])[cH:6][cH:7][c:8]2[cH:9][cH:10][cH:11][cH:12][c:13]2[cH:14]1
CCN(CC)C(=O)Oc1ccc(N(C)C)cc1,*c1ccc(N(C)C)cc1,*OC(=O)N(CC)CC,Cc2ccc(c1ccc(N(C)C)cc1)cc2,c1([O:1][C:5]([N:2]([CH2:3][CH3:4])[CH2:17][CH3:18])=[O:6])[cH:9][cH:10][c:11]([N:12]([CH3:13])[CH3:14])[cH:15][cH:16]1
CCN(CC)C(=O)Oc1cccc(C(F)(F)F)c1,*c1cccc(C(F)(F)F)c1,*OC(=O)N(CC)CC,Cc2ccc(c1cccc(C(F)(F)F)c1)cc2,c1([O:1][C:5]([N:2]([CH2:3][CH3:4])[CH2:18][CH3:19])=[O:6])[cH:9][cH:10][cH:11][c:12]([C:13]([F:14])([F:15])[F:16])[cH:17]1
CCOC(=O)c1cccc(OC(=O)N(CC)CC)c1,*c1cccc(C(=O)OCC)c1,*OC(=O)N(CC)CC,CCOC(=O)c2cccc(c1ccc(C)cc1)c2,c1([O:1][C:11](=[O:12])[N:13]([CH2:14][CH3:15])[CH2:16][CH3:17])[cH:8][cH:7][cH:6][c:5]([C:3]([O:2][CH2:20][CH3:19])=[O:4])[cH:18]1
CCN(CC)C(=O)Oc1ccccc1C,*c1ccccc1C,*OC(=O)N(CC)CC,Cc2ccc(c1ccccc1C)cc2,c1([O:1][C:5]([N:2]([CH2:3][CH3:4])[CH2:15][CH3:16])=[O:6])[cH:9][cH:10][cH:11][cH:12][c:13]1[CH3:14]
COC(=O)c1ccc2cc(OC(=O)OC(C)(C)C)ccc2c1,*c1ccc2cc(C(=O)OC)ccc2c1,*OC(=O)OC(C)(C)C,COC(=O)c3ccc2cc(c1ccc(OC)cc1)ccc2c3,c1([O:1][C:11](=[O:12])[O:13][C:14]([CH3:15])([CH3:16])[CH3:17])[cH:8][c:7]2[cH:6][cH:5][c:4]([C:2](=[O:3])[O:23][CH3:22])[cH:21][c:20]2[cH:19][cH:18]1
CC(C)(C)OC(=O)Oc1ccc(C(F)(F)F)cc1,*c1ccc(C(F)(F)F)cc1,*OC(=O)OC(C)(C)C,COc2ccc(c1ccc(C(F)(F)F)cc1)cc2,c1([O:1][C:5]([O:4][C:18]([CH3:2])([CH3:3])[CH3:19])=[O:6])[cH:9][cH:10][c:11]([C:12]([F:13])([F:14])[F:15])[cH:16][cH:17]1
CC(C)(C)OC(=O)Oc1ccccc1,*c1ccccc1,*OC(=O)OC(C)(C)C,COc2ccc(c1ccccc1)cc2,c1([O:1][C:5]([O:4][C:14]([CH3:2])([CH3:3])[CH3:15])=[O:6])[cH:9][cH:10][cH:11][cH:12][cH:13]1
COc1ccc2cc(OC(=O)N(C)C)ccc2c1,*OC(=O)N(C)C,*c1ccc2cc(OC)ccc2c1,COc3ccc2cc(c1cccc(C)c1)ccc2c3,c1([O:1][C:9](=[O:10])[N:11]([CH3:12])[CH3:13])[cH:6][c:5]2[cH:4][cH:3][c:2]([O:19][CH3:18])[cH:17][c:16]2[cH:15][cH:14]1
CN(C)C(=O)Oc1ccc2ccc(OC(C)(C)C)cc2c1,*OC(=O)N(C)C,*c1ccc2ccc(OC(C)(C)C)cc2c1,Cc3cccc(c2ccc1ccc(OC(C)(C)C)cc1c2)c3,c1([O:1][C:3](=[O:4])[N:21]([CH3:2])[CH3:22])[cH:7][cH:8][c:9]2[cH:10][cH:11][c:12]([O:13][C:14]([CH3:15])([CH3:16])[CH3:17])[cH:18][c:19]2[cH:20]1
CN(C)C(=O)Oc1ccc2ccc(Oc3ccccc3)cc2c1,*OC(=O)N(C)C,*c1ccc2ccc(Oc3ccccc3)cc2c1,Cc4cccc(c3ccc2ccc(Oc1ccccc1)cc2c3)c4,c1([O:1][C:3](=[O:4])[N:23]([CH3:2])[CH3:24])[cH:7][cH:8][c:9]2[cH:10][cH:11][c:12]([O:13][c:14]3[cH:15][cH:16][cH:17][cH:18][cH:19]3)[cH:20][c:21]2[cH:22]1
COCOc1ccc2ccc(OC(=O)N(C)C)cc2c1,*OC(=O)N(C)C,*c1ccc2ccc(OCOC)cc2c1,COCOc3ccc2ccc(c1cccc(C)c1)cc2c3,c1([O:1][C:12](=[O:13])[N:14]([CH3:15])[CH3:16])[cH:9][cH:8][c:7]2[cH:6][cH:5][c:4]([O:3][CH2:2][O:21][CH3:20])[cH:19][c:18]2[cH:17]1
CN(C)C(=O)Oc1ccc2ccc(N(C)C)cc2c1,*c1ccc2ccc(N(C)C)cc2c1,*OC(=O)N(C)C,Cc3cccc(c2ccc1ccc(N(C)C)cc1c2)c3,c1([O:1][C:3](=[O:4])[N:19]([CH3:2])[CH3:20])[cH:7][cH:8][c:9]2[cH:10][cH:11][c:12]([N:13]([CH3:14])[CH3:15])[cH:16][c:17]2[cH:18]1
CN(C)C(=O)Oc1ccc2cc(-c3ccccc3)ccc2c1,*c1ccc2cc(-c3ccccc3)ccc2c1,*OC(=O)N(C)C,Cc4cccc(c3ccc2cc(c1ccccc1)ccc2c3)c4,c1([O:1][C:3](=[O:4])[N:22]([CH3:2])[CH3:23])[cH:7][cH:8][c:9]2[cH:10][c:11](-[c:12]3[cH:13][cH:14][cH:15][cH:16][cH:17]3)[cH:18][cH:19][c:20]2[cH:21]1
CN(C)C(=O)Oc1ccc2cc(C#N)ccc2c1,*c1ccc2cc(C#N)ccc2c1,*OC(=O)N(C)C,Cc3cccc(c2ccc1cc(C#N)ccc1c2)c3,c1([O:1][C:3](=[O:4])[N:18]([CH3:2])[CH3:19])[cH:7][cH:8][c:9]2[cH:10][c:11]([C:12]#[N:13])[cH:14][cH:15][c:16]2[cH:17]1
CN(C)C(=O)Oc1cccc2cccc(F)c12,*c1cccc2cccc(F)c12,*OC(=O)N(C)C,Cc3cccc(c1cccc2cccc(F)c12)c3,c1([O:1][C:3](=[O:4])[N:17]([CH3:2])[CH3:18])[cH:7][cH:8][cH:9][c:10]2[cH:11][cH:12][cH:13][c:14]([F:15])[c:16]12
CN(C)C(=O)Oc1cccc2cnccc12,*c1cccc2cnccc12,*OC(=O)N(C)C,Cc3cccc(c1cccc2cnccc12)c3,c1([O:1][C:3](=[O:4])[N:16]([CH3:2])[CH3:17])[cH:7][cH:8][cH:9][c:10]2[cH:11][n:12][cH:13][cH:14][c:15]12
COC(=O)c1ccc2cc(OC(=O)N(C)C)ccc2c1,*c1ccc2cc(C(=O)OC)ccc2c1,*OC(=O)N(C)C,COC(=O)c3ccc2cc(c1cccc(C)c1)ccc2c3,c1([O:1][C:11](=[O:12])[N:13]([CH3:14])[CH3:15])[cH:8][c:7]2[cH:6][cH:5][c:4]([C:2](=[O:3])[O:21][CH3:20])[cH:19][c:18]2[cH:17][cH:16]1
COC(=O)c1c(OC(=O)N(C)C)ccc2ccccc12,*OC(=O)N(C)C,*c1ccc2ccccc2c1C(=O)OC,COC(=O)c2c(c1cccc(C)c1)ccc3ccccc23,c1([O:1][C:7](=[O:8])[N:9]([CH3:10])[CH3:11])[c:4]([C:2](=[O:3])[O:21][CH3:20])[c:19]2[c:14]([cH:13][cH:12]1)[cH:15][cH:16][cH:17][cH:18]2
Cc1cccc(-c2ccc3ccc(OC(=O)N(C)C)cc3c2)c1,*OC(=O)N(C)C,*c1ccc2ccc(-c3cccc(C)c3)cc2c1,Cc4cccc(c3ccc2ccc(c1cccc(C)c1)cc2c3)c4,c1([O:1][C:14](=[O:15])[N:16]([CH3:17])[CH3:18])[cH:11][cH:10][c:9]2[cH:8][cH:7][c:6](-[c:5]3[cH:4][cH:3][cH:2][c:24]([CH3:23])[cH:22]3)[cH:21][c:20]2[cH:19]1
CN(C)C(=O)Oc1cc2ccccc2c2ccccc12,*c1cc2ccccc2c2ccccc12,*OC(=O)N(C)C,Cc4cccc(c2cc1ccccc1c3ccccc23)c4,c1([O:1][C:3](=[O:4])[N:20]([CH3:2])[CH3:21])[cH:7][c:8]2[cH:9][cH:10][cH:11][cH:12][c:13]2[c:14]2[cH:15][cH:16][cH:17][cH:18][c:19]12
CN(C)C(=O)Oc1cccc2ccccc12,*c1cccc2ccccc12,*OC(=O)N(C)C,COc1ccccc1c2cccc3ccccc23,c1([O:1][C:3](=[O:4])[N:16]([CH3:2])[CH3:17])[cH:7][cH:8][cH:9][c:10]2[cH:11][cH:12][cH:13][cH:14][c:15]12
CN(C)C(=O)Oc1ccc2cc([Si](C)(C)C)ccc2c1,*c1ccc2cc([Si](C)(C)C)ccc2c1,*OC(=O)N(C)C,COc1ccccc1c3ccc2cc([Si](C)(C)C)ccc2c3,c1([O:1][C:3](=[O:4])[N:20]([CH3:2])[CH3:21])[cH:7][cH:8][c:9]2[cH:10][c:11]([Si:12]([CH3:13])([CH3:14])[CH3:15])[cH:16][cH:17][c:18]2[cH:19]1
Cc1ccc2cc(OC(=O)N(C)C)ccc2c1,*OC(=O)N(C)C,*c1ccc2cc(C)ccc2c1,COc1ccccc1c3ccc2cc(C)ccc2c3,c1([O:1][C:8](=[O:9])[N:10]([CH3:11])[CH3:12])[cH:5][c:4]2[cH:3][cH:2][c:18]([CH3:17])[cH:16][c:15]2[cH:14][cH:13]1
CN(C)C(=O)Oc1cccc2c(F)cccc12,*c1cccc2c(F)cccc12,*OC(=O)N(C)C,COc1ccccc1c2cccc3c(F)cccc23,c1([O:1][C:3](=[O:4])[N:17]([CH3:2])[CH3:18])[cH:7][cH:8][cH:9][c:10]2[c:11]([F:12])[cH:13][cH:14][cH:15][c:16]12
CCCCOc1ccc2ccccc2c1,*c1ccc2ccccc2c1,*OCCCC,Cc2ccc1ccccc1c2,c1([O:1][CH2:3][CH2:2][CH2:15][CH3:16])[cH:6][cH:7][c:8]2[cH:9][cH:10][cH:11][cH:12][c:13]2[cH:14]1
CC(C)COc1ccc2ccccc2c1,*c1ccc2ccccc2c1,*OCC(C)C,Cc2ccc1ccccc1c2,c1([O:1][CH2:3][CH:15]([CH3:2])[CH3:16])[cH:6][cH:7][c:8]2[cH:9][cH:10][cH:11][cH:12][c:13]2[cH:14]1
CC(C)(C)Oc1ccc2ccccc2c1,*c1ccc2ccccc2c1,*OC(C)(C)C,Cc2ccc1ccccc1c2,c1([O:1][C:15]([CH3:2])([CH3:3])[CH3:16])[cH:6][cH:7][c:8]2[cH:9][cH:10][cH:11][cH:12][c:13]2[cH:14]1
COCOc1ccc2ccccc2c1,*c1ccc2ccccc2c1,*OCOC,Cc2ccc1ccccc1c2,c1([O:1][CH2:2][O:14][CH3:15])[cH:5][cH:6][c:7]2[cH:8][cH:9][cH:10][cH:11][c:12]2[cH:13]1
COc1ccc2cc(C(=O)N(C(C)C)C(C)C)ccc2c1,*c1ccc2cc(C(=O)N(C(C)C)C(C)C)ccc2c1,*OC,CC(C)N(C(=O)c3ccc2cc(c1ccccc1)ccc2c3)C(C)C,c1([O:1][CH3:21])[cH:3][cH:4][c:5]2[cH:6][c:7]([C:8](=[O:9])[N:10]([CH:11]([CH3:12])[CH3:13])[CH:14]([CH3:15])[CH3:16])[cH:17][cH:18][c:19]2[cH:20]1
COc1ccc2cc(CCO[Si](C)(C)C(C)(C)C)ccc2c1,*c1ccc2cc(CCO[Si](C)(C)C(C)(C)C)ccc2c1,*OC,CC(C)(C)[Si](C)(C)OCCc3ccc2cc(c1ccccc1)ccc2c3,c1([O:1][CH3:22])[cH:3][cH:4][c:5]2[cH:6][c:7]([CH2:8][CH2:9][O:10][Si:11]([CH3:12])([CH3:13])[C:14]([CH3:15])([CH3:16])[CH3:17])[cH:18][cH:19][c:20]2[cH:21]1
COc1ccc(C(=O)N(C(C)C)C(C)C)cc1,*c1ccc(C(=O)N(C(C)C)C(C)C)cc1,*OC,CC(C)N(CC(=O)c3ccc(c1cccc2ccccc12)cc3)C(C)C,c1([O:1][CH3:17])[cH:3][cH:4][c:5]([C:6](=[O:7])[N:8]([CH:9]([CH3:10])[CH3:11])[CH:12]([CH3:13])[CH3:14])[cH:15][cH:16]1
CCN(CC)C(=O)Oc1ccccc1C(=O)N(CC)CC,*c1ccccc1C(=O)N(CC)CC,*OC(=O)N(CC)CC,CCN(CC)C(=O)c1ccccc1C[Si](C)(C)C,c1([O:1][C:5]([N:2]([CH2:3][CH3:4])[CH2:21][CH3:22])=[O:6])[cH:9][cH:10][cH:11][cH:12][c:13]1[C:14](=[O:15])[N:16]([CH2:17][CH3:18])[CH2:19][CH3:20]
CCN(CC)C(=O)Oc1ccccc1NC(=O)OC(C)(C)C,*c1ccccc1NC(=O)OC(C)(C)C,*OC(=O)N(CC)CC,CC(C)(C)OC(=O)Nc1ccccc1c2ccccc2,c1([O:1][C:5]([N:2]([CH2:3][CH3:4])[CH2:22][CH3:23])=[O:6])[cH:9][cH:10][cH:11][cH:12][c:13]1[NH:14][C:15](=[O:16])[O:17][C:18]([CH3:19])([CH3:20])[CH3:21]
CCN(CC)C(=O)Oc1ccc2cccnc2c1[Si](C)(C)C,*c1ccc2cccnc2c1[Si](C)(C)C,*OC(=O)N(CC)CC,C[Si](C)(C)Cc2ccc1cccnc1c2[Si](C)(C)C,c1([O:1][C:5]([N:2]([CH2:3][CH3:4])[CH2:22][CH3:23])=[O:6])[cH:9][cH:10][c:11]2[cH:12][cH:13][cH:14][n:15][c:16]2[c:17]1[Si:18]([CH3:19])([CH3:20])[CH3:21]
CCN(CC)C(=O)Oc1ccc2c(c1)CCC1C2CC[C@]2(C)C1CCC21OCCO1,*c1ccc2c(c1)CCC1C2CC[C@]2(C)C1CCC21OCCO1,*OC(=O)N(CC)CC,C[C@]34CCC2c1ccc(C[Si](C)(C)C)cc1CCC2C3CCC45OCCO5,c1([O:1][C:5]([N:2]([CH2:3][CH3:4])[CH2:30][CH3:31])=[O:6])[cH:9][cH:10][c:11]2[c:12]([cH:13]1)[CH2:14][CH2:15][CH:16]1[CH:17]2[CH2:18][CH2:19][C@:20]2([CH3:21])[CH:22]1[CH2:23][CH2:24][C:25]21[O:26][CH2:27][CH2:28][O:29]1
CCN(CC)C(=O)Oc1cc2ccccc2c2ccccc12,*c1cc2ccccc2c2ccccc12,*OC(=O)N(CC)CC,Cc2cc1ccccc1c3ccccc23,c1([O:1][C:5]([N:2]([CH2:3][CH3:4])[CH2:22][CH3:23])=[O:6])[cH:9][c:10]2[cH:11][cH:12][cH:13][cH:14][c:15]2[c:16]2[cH:17][cH:18][cH:19][cH:20][c:21]12
COc1ccc2c(c1)CCCC2,*c1ccc2c(c1)CCCC2,*OC,Cc3ccc(c2ccc1CCCCc1c2)cc3,c1([O:1][CH3:12])[cH:3][cH:4][c:5]2[c:6]([cH:7]1)[CH2:8][CH2:9][CH2:10][CH2:11]2
COCOc1ccc2c(c1)CCCC2,*c1ccc2c(c1)CCCC2,*OCOC,Cc3ccc(c2ccc1CCCCc1c2)cc3,c1([O:1][CH2:2][O:14][CH3:15])[cH:5][cH:6][c:7]2[c:8]([cH:9]1)[CH2:10][CH2:11][CH2:12][CH2:13]2
COCCOc1ccc2c(c1)CCCC2,*c1ccc2c(c1)CCCC2,*OCCOC,Cc3ccc(c2ccc1CCCCc1c2)cc3,c1([O:1][CH2:3][CH2:2][O:15][CH3:16])[cH:6][cH:7][c:8]2[c:9]([cH:10]1)[CH2:11][CH2:12][CH2:13][CH2:14]2
CN(C)CCOc1ccc2c(c1)CCCC2,*c1ccc2c(c1)CCCC2,*OCCN(C)C,Cc3ccc(c2ccc1CCCCc1c2)cc3,c1([O:1][CH2:4][CH2:3][N:16]([CH3:2])[CH3:17])[cH:7][cH:8][c:9]2[c:10]([cH:11]1)[CH2:12][CH2:13][CH2:14][CH2:15]2
CCOc1ccccc1,*c1ccccc1,*OCC,c2ccc(c1ccccc1)cc2,c1([O:1][CH2:9][CH3:10])[cH:4][cH:5][cH:6][cH:7][cH:8]1
FC(F)(F)Oc1ccccc1,*c1ccccc1,*OC(F)(F)F,c2ccc(c1ccccc1)cc2,c1([O:1][C:11]([F:2])([F:3])[F:12])[cH:6][cH:7][cH:8][cH:9][cH:10]1
OCCOc1ccccc1,*c1ccccc1,*OCCO,c2ccc(c1ccccc1)cc2,c1([O:1][CH2:2][CH2:10][OH:11])[cH:5][cH:6][cH:7][cH:8][cH:9]1
COc1ccc2c(c1)CCC=C2N1CCCCC1,*c1ccc2c(c1)CCC=C2N1CCCCC1,*OC,C4=C(N1CCCCC1)c3ccc(c2ccccc2)cc3CC4,c1([O:1][CH3:18])[cH:3][cH:4][c:5]2[c:6]([cH:7]1)[CH2:8][CH2:9][CH:10]=[C:11]2[N:12]1[CH2:13][CH2:14][CH2:15][CH2:16][CH2:17]1
COc1ccc(C(O)c2ccccc2)cc1,*c1ccc(C(O)c2ccccc2)cc1,*OC,OC(c1ccccc1)c3ccc(c2ccccc2)cc3,c1([O:1][CH3:16])[cH:3][cH:4][c:5]([CH:6]([OH:7])[c:8]2[cH:9][cH:10][cH:11][cH:12][cH:13]2)[cH:14][cH:15]1
COc1cccc(CN(C)C)c1,*c1cccc(CN(C)C)c1,*OC,Cc2ccc(c1cccc(CN(C)C)c1)cc2,c1([O:1][CH3:12])[cH:3][cH:4][cH:5][c:6]([CH2:7][N:8]([CH3:9])[CH3:10])[cH:11]1
COc1ccc(O)cc1,*c1ccc(O)cc1,*OC,Oc2ccc(c1ccccc1)cc2,c1([O:1][CH3:9])[cH:3][cH:4][c:5]([OH:6])[cH:7][cH:8]1
COc1cccc(O)c1,*c1cccc(O)c1,*OC,Cc2ccc(c1cccc(O)c1)cc2,c1([O:1][CH3:9])[cH:3][cH:4][cH:5][c:6]([OH:7])[cH:8]1
COc1ccc2[nH]ccc2c1,*c1ccc2[nH]ccc2c1,*OC,c3ccc(c2ccc1[nH]ccc1c2)cc3,c1([O:1][CH3:11])[cH:3][cH:4][c:5]2[nH:6][cH:7][cH:8][c:9]2[cH:10]1
COc1cccc2c1ccn2CCN(C)C,*c1cccc2c1ccn2CCN(C)C,*OC,Cc3ccc(c1cccc2c1ccn2CCN(C)C)cc3,c1([O:1][CH3:16])[cH:3][cH:4][cH:5][c:6]2[c:7]1[cH:8][cH:9][n:10]2[CH2:11][CH2:12][N:13]([CH3:14])[CH3:15]
COc1ccc(C(c2ccccc2)n2ccnc2)cc1,*c1ccc(C(c2ccccc2)n2ccnc2)cc1,*OC,c4ccc(c3ccc(C(c1ccccc1)n2ccnc2)cc3)cc4,c1([O:1][CH3:20])[cH:3][cH:4][c:5]([CH:6]([c:7]2[cH:8][cH:9][cH:10][cH:11][cH:12]2)[n:13]2[cH:14][cH:15][n:16][cH:17]2)[cH:18][cH:19]1
COc1ccc(CCCO)cc1,*c1ccc(CCCO)cc1,*OC,OCCCc2ccc(c1ccccc1)cc2,c1([O:1][CH3:12])[cH:3][cH:4][c:5]([CH2:6][CH2:7][CH2:8][OH:9])[cH:10][cH:11]1
CCCCc1ccc(OC(=O)COC)cc1,*OC(=O)COC,*c1ccc(CCCC)cc1,CCCCc1ccc(C(=O)O)cc1,c1([O:1][C:9](=[O:10])[CH2:11][O:12][CH3:13])[cH:6][cH:5][c:4]([CH2:3][CH2:2][CH2:17][CH3:16])[cH:15][cH:14]1
C[Si](C)(C)Oc1ccc2c(c1)CCCC2,*c1ccc2c(c1)CCCC2,*O[Si](C)(C)C,Cc3ccc(c2ccc1CCCCc1c2)cc3,c1([O:1][Si:15]([CH3:2])([CH3:3])[CH3:16])[cH:6][cH:7][c:8]2[c:9]([cH:10]1)[CH2:11][CH2:12][CH2:13][CH2:14]2
CCOc1ccc(C)cc1,*c1ccc(C)cc1,*OCC,Cc2ccc(c1ccccc1)cc2,c1([O:1][CH2:10][CH3:11])[cH:4][cH:5][c:6]([CH3:7])[cH:8][cH:9]1
Cc1ccc(OCCO)cc1,*OCCO,*c1ccc(C)cc1,Cc2ccc(c1ccccc1)cc2,c1([O:1][CH2:6][CH2:7][OH:8])[cH:3][cH:2][c:12]([CH3:11])[cH:10][cH:9]1
Cc1ccc(O[Si](C)(C)C)cc1,*O[Si](C)(C)C,*c1ccc(C)cc1,Cc2ccc(c1ccccc1)cc2,c1([O:1][Si:6]([CH3:7])([CH3:8])[CH3:9])[cH:3][cH:2][c:13]([CH3:12])[cH:11][cH:10]1
Cc1ccc(OC(F)(F)F)cc1,*OC(F)(F)F,*c1ccc(C)cc1,Cc2ccc(c1ccccc1)cc2,c1([O:1][C:6]([F:7])([F:8])[F:9])[cH:3][cH:2][c:13]([CH3:12])[cH:11][cH:10]1
COc1cccc(OCCN(C)C)c1,*OC,*OCCN(C)C,c3ccc(c2cccc(c1ccccc1)c2)cc3,C[O:1][c:2]1[cH:3][cH:4][cH:5][c:6]([O:7][CH2:8][CH2:9][N:10]([CH3:11])[CH3:12])[cH:13]1
COc1ccccc1-c1ccccc1,*c1ccccc1-c1ccccc1,*OC,Cc3ccc(c1ccccc1c2ccccc2)cc3,c1([O:1][CH3:14])[cH:3][cH:4][cH:5][cH:6][c:7]1-[c:8]1[cH:9][cH:10][cH:11][cH:12][cH:13]1
CCOc1c(C)cc(C)cc1C,*c1c(C)cc(C)cc1C,*OCC,Cc2cc(C)c(c1ccccc1)c(C)c2,c1([O:1][CH2:12][CH3:13])[c:4]([CH3:5])[cH:6][c:7]([CH3:8])[cH:9][c:10]1[CH3:11]
COc1ccccc1CCO,*c1ccccc1CCO,*OC,Cc2ccc(c1ccccc1CCO)cc2,c1([O:1][CH3:11])[cH:3][cH:4][cH:5][cH:6][c:7]1[CH2:8][CH2:9][OH:10]
COc1cccc2ccn(CCN(C)C)c12,*c1cccc2ccn(CCN(C)C)c12,*OC,Cc3ccc(c1cccc2ccn(CCN(C)C)c12)cc3,c1([O:1][CH3:16])[cH:3][cH:4][cH:5][c:6]2[cH:7][cH:8][n:9]([CH2:10][CH2:11][N:12]([CH3:13])[CH3:14])[c:15]12
CCCN(CCC)C1CCc2cccc(OC)c2C1,*OC,*c1cccc2c1CC(N(CCC)CCC)CC2,CCCN(CCC)C3CCc2cccc(c1ccccc1)c2C3,c1([O:1][CH3:16])[cH:13][cH:12][cH:11][c:10]2[c:17]1[CH2:18][CH:7]([N:3]([CH2:2][CH2:20][CH3:19])[CH2:4][CH2:5][CH3:6])[CH2:8][CH2:9]2
COc1ccc(CCN)cc1,*c1ccc(CCN)cc1,*OC,NCCc2ccc(c1ccccc1)cc2,c1([O:1][CH3:11])[cH:3][cH:4][c:5]([CH2:6][CH2:7][NH2:8])[cH:9][cH:10]1
CCOc1ccc(N(C)C)cc1,*c1ccc(N(C)C)cc1,*OCC,CN(C)c2ccc(c1ccccc1)cc2,c1([O:1][CH2:12][CH3:13])[cH:4][cH:5][c:6]([N:7]([CH3:8])[CH3:9])[cH:10][cH:11]1
COc1ccc2cc(-c3c(C)cc(C)cc3C)ccc2c1,*c1ccc2cc(-c3c(C)cc(C)cc3C)ccc2c1,*OC,Cc4ccc(c3ccc2cc(c1c(C)cc(C)cc1C)ccc2c3)cc4,c1([O:1][CH3:21])[cH:3][cH:4][c:5]2[cH:6][c:7](-[c:8]3[c:9]([CH3:10])[cH:11][c:12]([CH3:13])[cH:14][c:15]3[CH3:16])[cH:17][cH:18][c:19]2[cH:20]1
COc1ccc(-c2ccccc2)c2ccccc12,*c1ccc(-c2ccccc2)c2ccccc12,*OC,Cc4ccc(c2ccc(c1ccccc1)c3ccccc23)cc4,c1([O:1][CH3:18])[cH:3][cH:4][c:5](-[c:6]2[cH:7][cH:8][cH:9][cH:10][cH:11]2)[c:12]2[cH:13][cH:14][cH:15][cH:16][c:17]12
COc1ccccc1OC,*c1ccccc1*,*OC,Cc3ccc(c1ccccc1c2ccc(C)cc2)cc3,c1([O:1][CH3:10])[cH:3][cH:4][cH:5][cH:6][c:7]1[O:8][CH3:9]
COc1ccnc(-c2cc(OC)ccn2)c1,*c1ccnc(-c2cc(*)ccn2)c1,*OC,Cc4ccc(c3ccnc(c2cc(c1ccc(C)cc1)ccn2)c3)cc4,c1([O:1][CH3:16])[cH:3][cH:4][n:5][c:6](-[c:7]2[cH:8][c:9]([O:10][CH3:11])[cH:12][cH:13][n:14]2)[cH:15]1
COc1cc(OC)cc(OC)c1,*c1cc(*)cc(*)c1,*OC,Cc4ccc(c3cc(c1ccc(C)cc1)cc(c2ccc(C)cc2)c3)cc4,c1([O:1][CH3:12])[cH:3][c:4]([O:5][CH3:6])[cH:7][c:8]([O:9][CH3:10])[cH:11]1
COc1ccc2c(c1)CC[C@@H]1[C@@H]2CC[C@]2(C)[C@@H](OC)CC[C@H]12,*c1ccc2c(c1)CC[C@@H]1[C@@H]2CC[C@]2(C)[C@@H](OC)CC[C@H]12,*OC,[H][C@]25CC[C@]1(C)[C@@H](OC)CC[C@@]1([H])[C@]2([H])CCc4cc(c3ccc(C)cc3)ccc45,c1([O:1][CH3:22])[cH:3][cH:4][c:5]2[c:6]([cH:7]1)[CH2:8][CH2:9][C@@H:10]1[C@@H:11]2[CH2:12][CH2:13][C@:14]2([CH3:15])[C@@H:16]([O:17][CH3:18])[CH2:19][CH2:20][C@H:21]12
COc1cc2ccccc2c2ccccc12,*c1cc2ccccc2c2ccccc12,*OC,c4ccc(c2cc1ccccc1c3ccccc23)cc4,c1([O:1][CH3:16])[cH:3][c:4]2[cH:5][cH:6][cH:7][cH:8][c:9]2[c:10]2[cH:11][cH:12][cH:13][cH:14][c:15]12
COC(=O)c1ccc2cc(OC)ccc2c1,*c1ccc2cc(C(=O)OC)ccc2c1,*OC,COC(=O)c3ccc2cc(c1ccccc1)ccc2c3,c1([O:1][CH3:11])[cH:8][c:7]2[cH:6][cH:5][c:4]([C:2](=[O:3])[O:17][CH3:16])[cH:15][c:14]2[cH:13][cH:12]1
COc1ccc(C(C)=O)cc1,*c1ccc(C(C)=O)cc1,*OC,CC(=O)c2ccc(c1ccccc1)cc2,c1([O:1][CH3:11])[cH:3][cH:4][c:5]([C:6]([CH3:7])=[O:8])[cH:9][cH:10]1
CCN(CC)C(=O)Oc1ccc2c(ccn2C)c1,*c1ccc2c(ccn2C)c1,*OC(=O)N(CC)CC,Cn3ccc2cc(c1ccccc1)ccc23,c1([O:1][C:5]([N:2]([CH2:3][CH3:4])[CH2:18][CH3:19])=[O:6])[cH:9][cH:10][c:11]2[c:12]([cH:13][cH:14][n:15]2[CH3:16])[cH:17]1
CCN(CC)C(=O)Oc1ccc(C(F)(F)F)cc1,*c1ccc(C(F)(F)F)cc1,*OC(=O)N(CC)CC,CCCCN(C)c1ccc(C(F)(F)F)cc1,c1([O:1][C:5]([N:2]([CH2:3][CH3:4])[CH2:18][CH3:19])=[O:6])[cH:9][cH:10][c:11]([C:12]([F:13])([F:14])[F:15])[cH:16][cH:17]1
CCN(CC)C(=O)Oc1ccccc1F,*c1ccccc1F,*OC(=O)N(CC)CC,Fc1ccccc1N2CCOCC2,c1([O:1][C:5]([N:2]([CH2:3][CH3:4])[CH2:15][CH3:16])=[O:6])[cH:9][cH:10][cH:11][cH:12][c:13]1[F:14]
CCN(CC)C(=O)Oc1ccc(N2CCOCC2)cc1,*c1ccc(N2CCOCC2)cc1,*OC(=O)N(CC)CC,c2ccc(N1CCOCC1)cc2,c1([O:1][C:5]([N:2]([CH2:3][CH3:4])[CH2:20][CH3:21])=[O:6])[cH:9][cH:10][c:11]([N:12]2[CH2:13][CH2:14][O:15][CH2:16][CH2:17]2)[cH:18][cH:19]1
CCN(CC)C(=O)Oc1ccc2c(c1)CCC1C2CC[C@@]2(C)C1CCC21OCCO1,*c1ccc2c(c1)CCC1C2CC[C@@]2(C)C1CCC21OCCO1,*OC(=O)N(CC)CC,c1ccc2c(c1)CCC3C2CC[C@@]4(C)C3CCC45OCCO5,c1([O:1][C:5]([N:2]([CH2:3][CH3:4])[CH2:30][CH3:31])=[O:6])[cH:9][cH:10][c:11]2[c:12]([cH:13]1)[CH2:14][CH2:15][CH:16]1[CH:17]2[CH2:18][CH2:19][C@@:20]2([CH3:21])[CH:22]1[CH2:23][CH2:24][C:25]21[O:26][CH2:27][CH2:28][O:29]1
CCN(CC)C(=O)Oc1cccc2c1OC(C)(C)C2,*OC(C)(C)Cc1cccc(*)c1*,*OC(=O)N(CC)CC,c2cccc1CC(C)(C)Oc12,c1([O:1][C:5]([N:2]([CH2:3][CH3:4])[CH2:19][CH3:20])=[O:6])[cH:9][cH:10][cH:11][c:12]2[c:13]1[O:14][C:15]([CH3:16])([CH3:17])[CH2:18]2
CCN(CC)C(=O)Oc1ccc2c3ccccc3n(C)c2c1,*c1ccc2c3ccccc3n(C)c2c1,*OC(=O)N(CC)CC,c3ccc2c1ccccc1n(C)c2c3,c1([O:1][C:5]([N:2]([CH2:3][CH3:4])[CH2:22][CH3:23])=[O:6])[cH:9][cH:10][c:11]2[c:12]3[cH:13][cH:14][cH:15][cH:16][c:17]3[n:18]([CH3:19])[c:20]2[cH:21]1
CN(C)C(=O)Oc1ccccc1,*c1ccccc1,*OC(=O)N(C)C,Cn3c(c1ccccc1)nc2ccccc23,c1([O:1][C:3](=[O:4])[N:12]([CH3:2])[CH3:13])[cH:7][cH:8][cH:9][cH:10][cH:11]1
Cc1ccc(OC(=O)N(C)C)cc1C,*OC(=O)N(C)C,*c1ccc(C)c(C)c1,Cc3ccc(c2nc1ccccc1n2C)cc3C,c1([O:1][C:6](=[O:7])[N:8]([CH3:9])[CH3:10])[cH:3][cH:2][c:15]([CH3:14])[c:12]([CH3:13])[cH:11]1
CN(C)C(=O)Oc1cccc(C(C)(C)C)c1,*c1cccc(C(C)(C)C)c1,*OC(=O)N(C)C,Cn3c(c1cccc(C(C)(C)C)c1)nc2ccccc23,c1([O:1][C:3](=[O:4])[N:16]([CH3:2])[CH3:17])[cH:7][cH:8][cH:9][c:10]([C:11]([CH3:12])([CH3:13])[CH3:14])[cH:15]1
CCC(C)(C)OC(=O)c1cccc(OC(=O)N(C)C)c1,*OC(=O)N(C)C,*c1cccc(C(=O)OC(C)(C)CC)c1,CCC(C)(C)OC(=O)c3cccc(c2nc1ccccc1n2C)c3,c1([O:1][C:14](=[O:15])[N:16]([CH3:17])[CH3:18])[cH:11][cH:10][cH:9][c:8]([C:6]([O:5][C:2]([CH3:3])([CH3:4])[CH2:21][CH3:20])=[O:7])[cH:19]1
CN(C)C(=O)Oc1cccc(N(C)C)c1,*c1cccc(N(C)C)c1,*OC(=O)N(C)C,CN(C)c3cccc(c2nc1ccccc1n2C)c3,c1([O:1][C:3](=[O:4])[N:15]([CH3:2])[CH3:16])[cH:7][cH:8][cH:9][c:10]([N:11]([CH3:12])[CH3:13])[cH:14]1
COc1ccc(Cc2ccccc2)cc1,*c1ccc(Cc2ccccc2)cc1,*OC,Cc3ccc(c2ccc(Cc1ccccc1)cc2)cc3,c1([O:1][CH3:15])[cH:3][cH:4][c:5]([CH2:6][c:7]2[cH:8][cH:9][cH:10][cH:11][cH:12]2)[cH:13][cH:14]1
C[Si](C)(C)Oc1ccc(Cc2ccccc2)cc1,*c1ccc(Cc2ccccc2)cc1,*O[Si](C)(C)C,Cc3ccc(c2ccc(Cc1ccccc1)cc2)cc3,c1([O:1][Si:18]([CH3:2])([CH3:3])[CH3:19])[cH:6][cH:7][c:8]([CH2:9][c:10]2[cH:11][cH:12][cH:13][cH:14][cH:15]2)[cH:16][cH:17]1
COCOc1ccc(Cc2ccccc2)cc1,*c1ccc(Cc2ccccc2)cc1,*OCOC,Cc3ccc(c2ccc(Cc1ccccc1)cc2)cc3,c1([O:1][CH2:2][O:17][CH3:18])[cH:5][cH:6][c:7]([CH2:8][c:9]2[cH:10][cH:11][cH:12][cH:13][cH:14]2)[cH:15][cH:16]1
COc1ccc(-c2ccc(C)cc2)cc1,*c1ccc(-c2ccc(C)cc2)cc1,*OC,Cc3ccc(c2ccc(c1ccc(C)cc1)cc2)cc3,c1([O:1][CH3:15])[cH:3][cH:4][c:5](-[c:6]2[cH:7][cH:8][c:9]([CH3:10])[cH:11][cH:12]2)[cH:13][cH:14]1
COCOc1cccc(C(F)(F)F)c1,*c1cccc(C(F)(F)F)c1,*OCOC,Cc2ccc(c1cccc(C(F)(F)F)c1)cc2,c1([O:1][CH2:2][O:14][CH3:15])[cH:5][cH:6][cH:7][c:8]([C:9]([F:10])([F:11])[F:12])[cH:13]1
COCCc1ccc(OCOC)cc1,*OCOC,*c1ccc(CCOC)cc1,COCCc2ccc(c1ccc(C)cc1)cc2,c1([O:1][CH2:9][O:10][CH3:11])[cH:6][cH:5][c:4]([CH2:3][CH2:2][O:15][CH3:14])[cH:13][cH:12]1
CCCCOc1cccc2ccccc12,*c1cccc2ccccc12,*OCCCC,Cc3ccc(c1cccc2ccccc12)cc3,c1([O:1][CH2:3][CH2:2][CH2:15][CH3:16])[cH:6][cH:7][cH:8][c:9]2[cH:10][cH:11][cH:12][cH:13][c:14]12
CC(C)Oc1cccc2ccccc12,*c1cccc2ccccc12,*OC(C)C,Cc3ccc(c1cccc2ccccc12)cc3,c1([O:1][CH:14]([CH3:2])[CH3:15])[cH:5][cH:6][cH:7][c:8]2[cH:9][cH:10][cH:11][cH:12][c:13]12
COCOc1cccc2ccccc12,*c1cccc2ccccc12,*OCOC,Cc3ccc(c1cccc2ccccc12)cc3,c1([O:1][CH2:2][O:14][CH3:15])[cH:5][cH:6][cH:7][c:8]2[cH:9][cH:10][cH:11][cH:12][c:13]12
C[Si](C)(C)Oc1cccc2ccccc12,*c1cccc2ccccc12,*O[Si](C)(C)C,Cc3ccc(c1cccc2ccccc12)cc3,c1([O:1][Si:15]([CH3:2])([CH3:3])[CH3:16])[cH:6][cH:7][cH:8][c:9]2[cH:10][cH:11][cH:12][cH:13][c:14]12
CN(C)C(=O)Oc1ccccc1-c1ccccc1,*c1ccccc1-c1ccccc1,*OC(=O)N(C)C,C[Si](C)(C)Cc1ccccc1c2ccccc2,c1([O:1][C:3](=[O:4])[N:18]([CH3:2])[CH3:19])[cH:7][cH:8][cH:9][cH:10][c:11]1-[c:12]1[cH:13][cH:14][cH:15][cH:16][cH:17]1
CCN(CC)C(=O)Oc1cccc(OCOC)c1,*OC(=O)N(CC)CC,*c1cccc(OCOC)c1,COCOc2cccc(c1ccccc1)c2,c1([O:1][C:5]([N:2]([CH2:3][CH3:4])[CH2:18][CH3:19])=[O:6])[cH:9][cH:10][cH:11][c:12]([O:13][CH2:14][O:15][CH3:16])[cH:17]1
CCN(CC)C(=O)Oc1cccc(NC(=O)OC(C)(C)C)c1,*c1cccc(NC(=O)OC(C)(C)C)c1,*OC(=O)N(CC)CC,CC(C)(C)OC(=O)Nc2cccc(c1ccccc1)c2,c1([O:1][C:5]([N:2]([CH2:3][CH3:4])[CH2:22][CH3:23])=[O:6])[cH:9][cH:10][cH:11][c:12]([NH:13][C:14](=[O:15])[O:16][C:17]([CH3:18])([CH3:19])[CH3:20])[cH:21]1
COc1ccc(C(=O)NC(C)(C)C)cc1,*c1ccc(C(=O)NC(C)(C)C)cc1,*OC,Cc2ccc(c1ccc(C(=O)NC(C)(C)C)cc1)cc2,c1([O:1][CH3:15])[cH:3][cH:4][c:5]([C:6](=[O:7])[NH:8][C:9]([CH3:10])([CH3:11])[CH3:12])[cH:13][cH:14]1
COc1ccc(N2CCOCC2)c2ccccc12,*c1ccc(N2CCOCC2)c2ccccc12,*OC,Cc4ccc(c2ccc(N1CCOCC1)c3ccccc23)cc4,c1([O:1][CH3:18])[cH:3][cH:4][c:5]([N:6]2[CH2:7][CH2:8][O:9][CH2:10][CH2:11]2)[c:12]2[cH:13][cH:14][cH:15][cH:16][c:17]12
COc1ccc(-c2ccc(-c3ccccc3)cc2)cc1,*c1ccc(-c2ccc(-c3ccccc3)cc2)cc1,*OC,Cc4ccc(c3ccc(c2ccc(c1ccccc1)cc2)cc3)cc4,c1([O:1][CH3:20])[cH:3][cH:4][c:5](-[c:6]2[cH:7][cH:8][c:9](-[c:10]3[cH:11][cH:12][cH:13][cH:14][cH:15]3)[cH:16][cH:17]2)[cH:18][cH:19]1
COc1cccc2cccnc12,*c1cccc2cccnc12,*OC,Cc3ccc(c1cccc2cccnc12)cc3,c1([O:1][CH3:12])[cH:3][cH:4][cH:5][c:6]2[cH:7][cH:8][cH:9][n:10][c:11]12
COc1ccc(-c2ccccn2)cc1,*c1ccc(-c2ccccn2)cc1,*OC,Cc3ccc(c2ccc(c1ccccn1)cc2)cc3,c1([O:1][CH3:14])[cH:3][cH:4][c:5](-[c:6]2[cH:7][cH:8][cH:9][cH:10][n:11]2)[cH:12][cH:13]1
COc1ccc2c3ccccc3n(C)c2c1,*c1ccc2c3ccccc3n(C)c2c1,*OC,Cc4ccc(c3ccc2c1ccccc1n(C)c2c3)cc4,c1([O:1][CH3:16])[cH:3][cH:4][c:5]2[c:6]3[cH:7][cH:8][cH:9][cH:10][c:11]3[n:12]([CH3:13])[c:14]2[cH:15]1
CCCC1CN2CCC1CC2[C@@H](OCOC)c1ccnc2ccc(OC)cc12,*OC,*c1ccc2nccc([C@H](OCOC)C3CC4CCN3CC4CCC)c2c1,CCCC1CN2CCC1CC2[C@@H](OCOC)c4ccnc5ccc(c3ccc(C)cc3)cc45,[CH3:23][CH2:24][CH2:2][CH:3]1[CH2:4][N:5]2[CH2:6][CH2:7][CH:8]1[CH2:9][CH:10]2[C@@H:11]([O:12][CH2:13][O:14][CH3:15])[c:16]1[cH:17][cH:18][n:19][c:20]2[cH:21][cH:22]c([O:1][CH3:25])[cH:26][c:27]12
CCCCCCc1ccc2cc(OC)ccc2c1,*OC,*c1ccc2cc(CCCCCC)ccc2c1,CCCCCCc4ccc3cc(c2ccc1cc(CCCCCC)ccc1c2)ccc3c4,c1([O:1][CH3:13])[cH:10][c:9]2[cH:8][cH:7][c:6]([CH2:5][CH2:4][CH2:3][CH2:2][CH2:19][CH3:18])[cH:17][c:16]2[cH:15][cH:14]1
COc1ccc2ccc(N3CCCCC3)cc2c1,*c1ccc2ccc(N3CCCCC3)cc2c1,*OC,c3cc2ccc(N1CCCCC1)cc2cc3c6ccc5ccc(N4CCCCC4)cc5c6,c1([O:1][CH3:18])[cH:3][cH:4][c:5]2[cH:6][cH:7][c:8]([N:9]3[CH2:10][CH2:11][CH2:12][CH2:13][CH2:14]3)[cH:15][c:16]2[cH:17]1
COc1ccc2ccc3cccc4ccc1c2c34,*c1ccc2ccc3cccc4ccc1c2c34,*OC,c5cc6ccc7ccc(c1ccc2ccc3cccc4ccc1c2c34)c8ccc(c5)c6c78,c1([O:1][CH3:18])[cH:3][cH:4][c:5]2[cH:6][cH:7][c:8]3[cH:9][cH:10][cH:11][c:12]4[cH:13][cH:14][c:15]1[c:16]2[c:17]34
COc1ccc2cc([C@H](C)C(=O)OC(C)C)ccc2c1,*c1ccc2cc([C@H](C)C(=O)OC(C)C)ccc2c1,*OC,CC(C)OC(=O)[C@H](C)c4ccc3cc(c2ccc1cc([C@H](C)C(=O)OC(C)C)ccc1c2)ccc3c4,c1([O:1][CH3:20])[cH:3][cH:4][c:5]2[cH:6][c:7]([C@H:8]([CH3:9])[C:10](=[O:11])[O:12][CH:13]([CH3:14])[CH3:15])[cH:16][cH:17][c:18]2[cH:19]1
CCN(CC)C(=O)Oc1ccc2cc(C(=O)OC(C)C)ccc2c1,*c1ccc2cc(C(=O)OC(C)C)ccc2c1,*OC(=O)N(CC)CC,CC(C)OC(=O)c3ccc2cc(c1ccccc1)ccc2c3,c1([O:1][C:5]([N:2]([CH2:3][CH3:4])[CH2:24][CH3:25])=[O:6])[cH:9][cH:10][c:11]2[cH:12][c:13]([C:14](=[O:15])[O:16][CH:17]([CH3:18])[CH3:19])[cH:20][cH:21][c:22]2[cH:23]1
CCOC(=O)c1ccccc1OC(=O)N(CC)CC,*OC(=O)N(CC)CC,*c1ccccc1C(=O)OCC,CCOC(=O)c1ccccc1c2ccccc2,c1([O:1][C:12](=[O:13])[N:14]([CH2:15][CH3:16])[CH2:17][CH3:18])[c:5]([C:3]([O:2][CH2:20][CH3:19])=[O:4])[cH:6][cH:7][cH:8][cH:9]1
CCN(CC)C(=O)Oc1ccc(C(=O)N(C(C)C)C(C)C)cc1,*c1ccc(C(=O)N(C(C)C)C(C)C)cc1,*OC(=O)N(CC)CC,CC(C)N(C(=O)c2ccc(c1ccccc1)cc2)C(C)C,c1([O:1][C:5]([N:2]([CH2:3][CH3:4])[CH2:23][CH3:24])=[O:6])[cH:9][cH:10][c:11]([C:12](=[O:13])[N:14]([CH:15]([CH3:16])[CH3:17])[CH:18]([CH3:19])[CH3:20])[cH:21][cH:22]1
COc1ccc(-c2ccc3cc(OC)ccc3c2)cc1,*c1ccc(-c2ccc3cc(*)ccc3c2)cc1,*OC,COc3ccc(c2ccc1cc(C)ccc1c2)cc3,c1([O:1][CH3:20])[cH:3][cH:4][c:5](-[c:6]2[cH:7][cH:8][c:9]3[cH:10][c:11]([O:12][CH3:13])[cH:14][cH:15][c:16]3[cH:17]2)[cH:18][cH:19]1
COc1ccc2cc(O)ccc2c1,*c1ccc2cc(O)ccc2c1,*OC,Cc2ccc1cc(O)ccc1c2,c1([O:1][CH3:13])[cH:3][cH:4][c:5]2[cH:6][c:7]([OH:8])[cH:9][cH:10][c:11]2[cH:12]1
CCc1ccc2cc(OC)ccc2c1,*OC,*c1ccc2cc(CC)ccc2c1,CCc2ccc1cc(C)ccc1c2,c1([O:1][CH3:9])[cH:6][c:5]2[cH:4][cH:3][c:2]([CH2:15][CH3:14])[cH:13][c:12]2[cH:11][cH:10]1
COCc1ccc2cc(OC)ccc2c1,*OC,*c1ccc2cc(COC)ccc2c1,CCc2ccc1cc(C)ccc1c2,[CH3:8][O:9][CH2:2][c:3]1[cH:4][cH:5][c:6]2[cH:7]c([O:1][CH3:10])[cH:11][cH:12][c:13]2[cH:14]1
CC(=O)c1ccc(-c2ccc(OC(=O)C(C)(C)C)cc2)cc1,*OC(=O)C(C)(C)C,*c1ccc(-c2ccc(C(C)=O)cc2)cc1,COc2ccc(c1ccc(C(C)=O)cc1)cc2,c1([O:1][C:12](=[O:13])[C:14]([CH3:15])([CH3:16])[CH3:17])[cH:9][cH:8][c:7](-[c:6]2[cH:5][cH:4][c:3]([C:23](=[O:2])[CH3:22])[cH:21][cH:20]2)[cH:19][cH:18]1
COCOc1ccc2ccc(OC(=O)C(C)(C)C)cc2c1,*OC(=O)C(C)(C)C,*c1ccc2ccc(OCOC)cc2c1,COCOc3ccc2ccc(c1ccccc1)cc2c3,c1([O:1][C:12](=[O:13])[C:14]([CH3:15])([CH3:16])[CH3:17])[cH:9][cH:8][c:7]2[cH:6][cH:5][c:4]([O:3][CH2:2][O:22][CH3:21])[cH:20][c:19]2[cH:18]1
CC(C)(C)C(=O)Oc1ccc(C(=O)c2ccccc2)cc1,*c1ccc(C(=O)c2ccccc2)cc1,*OC(=O)C(C)(C)C,O=C(c1ccccc1)c3ccc(c2ccccc2)cc3,c1([O:1][C:4](=[O:5])[C:21]([CH3:2])([CH3:3])[CH3:22])[cH:8][cH:9][c:10]([C:11](=[O:12])[c:13]2[cH:14][cH:15][cH:16][cH:17][cH:18]2)[cH:19][cH:20]1
COc1ccc(Oc2nnnn2-c2ccccc2)cc1,*c1nnnn1-c1ccccc1,*Oc1ccc(OC)cc1,COc2ccc(c1ccccc1)cc2,[c:5]1([O:1]c2[cH:4][cH:3][c:2]([O:20][CH3:21])[cH:19][cH:18]2)[n:8][n:9][n:10][n:11]1-[c:12]1[cH:13][cH:14][cH:15][cH:16][cH:17]1
COC(=O)c1ccc(OC)cc1,*OC,*c1ccc(C(=O)OC)cc1,COC(=O)c2ccc(N1CCOCC1)cc2,[CH3:7][O:8][C:2](=[O:3])[c:4]1[cH:5][cH:6]c([O:1][CH3:9])[cH:10][cH:11]1
CCOC(=O)c1ccc2cc(OC(=O)C(C)(C)C)ccc2c1,*OC(=O)C(C)(C)C,*c1ccc2cc(C(=O)OCC)ccc2c1,CCOC(=O)c3ccc2cc(c1ccccc1)ccc2c3,c1([O:1][C:12](=[O:13])[C:14]([CH3:15])([CH3:16])[CH3:17])[cH:9][c:8]2[cH:7][cH:6][c:5]([C:3]([O:2][CH2:23][CH3:22])=[O:4])[cH:21][c:20]2[cH:19][cH:18]1
CC(=O)c1ccc2cc(OC(=O)C(C)(C)C)ccc2c1,*OC(=O)C(C)(C)C,*c1ccc2cc(C(C)=O)ccc2c1,CC(=O)c3ccc2cc(c1ccccc1)ccc2c3,c1([O:1][C:10](=[O:11])[C:12]([CH3:13])([CH3:14])[CH3:15])[cH:7][c:6]2[cH:5][cH:4][c:3]([C:21](=[O:2])[CH3:20])[cH:19][c:18]2[cH:17][cH:16]1
COc1ccc2cc(OC(=O)C(C)(C)C)ccc2c1,*OC(=O)C(C)(C)C,*c1ccc2cc(OC)ccc2c1,COc3ccc2cc(c1ccccc1)ccc2c3,c1([O:1][C:9](=[O:10])[C:11]([CH3:12])([CH3:13])[CH3:14])[cH:6][c:5]2[cH:4][cH:3][c:2]([O:20][CH3:19])[cH:18][c:17]2[cH:16][cH:15]1
CC(=O)Oc1ccc(C(C)=O)cc1,*c1ccc(C(C)=O)cc1,*OC(C)=O,COc2ccc(c1ccc(C(C)=O)cc1)cc2,c1([O:1][C:13](=[O:2])[CH3:14])[cH:5][cH:6][c:7]([C:8]([CH3:9])=[O:10])[cH:11][cH:12]1
COC(=O)c1ccc(OC(C)=O)cc1,*OC(C)=O,*c1ccc(C(=O)OC)cc1,COC(=O)c2ccc(c1ccc(F)cc1)cc2,c1([O:1][C:9]([CH3:10])=[O:11])[cH:6][cH:5][c:4]([C:2](=[O:3])[O:15][CH3:14])[cH:13][cH:12]1
CC(=O)Oc1ccc2c(=O)cc(-c3ccccc3)oc2c1,*c1ccc2c(=O)cc(-c3ccccc3)oc2c1,*OC(C)=O,COc4ccc(c3ccc2c(=O)cc(c1ccccc1)oc2c3)cc4,c1([O:1][C:21](=[O:2])[CH3:22])[cH:5][cH:6][c:7]2[c:8](=[O:9])[cH:10][c:11](-[c:12]3[cH:13][cH:14][cH:15][cH:16][cH:17]3)[o:18][c:19]2[cH:20]1
CCN(CC)C(=O)Oc1ccc(C(=O)N(CC)CC)cc1,*c1ccc(C(=O)N(CC)CC)cc1,*OC(=O)N(CC)CC,CCN(CC)C(=O)c1ccc(C[Si](C)(C)C)cc1,c1([O:1][C:5]([N:2]([CH2:3][CH3:4])[CH2:21][CH3:22])=[O:6])[cH:9][cH:10][c:11]([C:12](=[O:13])[N:14]([CH2:15][CH3:16])[CH2:17][CH3:18])[cH:19][cH:20]1
Cc1cccc(OC(=O)C(C)(C)C)c1,*OC(=O)C(C)(C)C,*c1cccc(C)c1,Cc1cccc(P(=O)(OC(C)C)OC(C)C)c1,c1([O:1][C:7](=[O:8])[C:9]([CH3:10])([CH3:11])[CH3:12])[cH:4][cH:3][cH:2][c:15]([CH3:14])[cH:13]1
CCCCc1ccc(OC(=O)C(C)(C)C)cc1,*OC(=O)C(C)(C)C,*c1ccc(CCCC)cc1,CCCCc1ccc(P(=O)(OC(C)C)OC(C)C)cc1,c1([O:1][C:9](=[O:10])[C:11]([CH3:12])([CH3:13])[CH3:14])[cH:6][cH:5][c:4]([CH2:3][CH2:2][CH2:18][CH3:17])[cH:16][cH:15]1
CC(C)(C)C(=O)Nc1ccc(OC(=O)C(C)(C)C)cc1,*OC(=O)C(C)(C)C,*c1ccc(NC(=O)C(C)(C)C)cc1,CC(C)OP(=O)(OC(C)C)c1ccc(NC(=O)C(C)(C)C)cc1,c1([O:1][C:12](=[O:13])[C:14]([CH3:15])([CH3:16])[CH3:17])[cH:9][cH:8][c:7]([NH:6][C:4](=[O:5])[C:21]([CH3:2])([CH3:3])[CH3:20])[cH:19][cH:18]1
CC(C)(C)C(=O)Oc1ccc(Cl)cc1,*c1ccc(Cl)cc1,*OC(=O)C(C)(C)C,CC(C)OP(=O)(OC(C)C)c1ccc(P(=O)(OC(C)C)OC(C)C)cc1,c1([O:1][C:4](=[O:5])[C:14]([CH3:2])([CH3:3])[CH3:15])[cH:8][cH:9][c:10]([Cl:11])[cH:12][cH:13]1
CC(C)(C)C(=O)Oc1ccc(C#N)cc1,*c1ccc(C#N)cc1,*OC(=O)C(C)(C)C,CC(C)OP(=O)(OC(C)C)c1ccc(C#N)cc1,c1([O:1][C:4](=[O:5])[C:15]([CH3:2])([CH3:3])[CH3:16])[cH:8][cH:9][c:10]([C:11]#[N:12])[cH:13][cH:14]1
CC(C)(C)C(=O)Oc1ccncc1,*c1ccncc1,*OC(=O)C(C)(C)C,CC(C)OP(=O)(OC(C)C)c1ccncc1,c1([O:1][C:4](=[O:5])[C:13]([CH3:2])([CH3:3])[CH3:14])[cH:8][cH:9][n:10][cH:11][cH:12]1
